ts,open,high,low,close,volume
1704038400,1.24562,1.24746,1.24211,1.24562,114.0
1704040200,1.24629,1.24654,1.23917,1.24173,100.0
1704042000,1.24055,1.24133,1.23918,1.23948,149.0
1704043800,1.24089,1.24714,1.24,1.24663,287.0
1704045600,1.24481,1.26335,1.24423,1.25997,964.0
1704047400,1.25948,1.26386,1.25946,1.26385,100.0
1704049200,1.2645,1.26753,1.25892,1.25938,100.0
1704051000,1.25739,1.28556,1.25368,1.28475,158.0
1704052800,1.28784,1.29409,1.2875,1.2939,274.0
1704054600,1.2922,1.2999,1.28935,1.29843,150.0
1704056400,1.29436,1.30958,1.29299,1.30757,185.0
1704058200,1.30633,1.32617,1.30593,1.32559,339.0
1704060000,1.32473,1.36326,1.31132,1.35525,216.0
1704061800,1.35469,1.37915,1.35438,1.37284,139.0
1704063600,1.37277,1.37389,1.3716,1.37185,284.0
1704065400,1.37531,1.37785,1.37302,1.37341,386.0
1704067200,1.37268,1.3769,1.37083,1.37382,100.0
1704069000,1.37471,1.37498,1.35687,1.35919,104.0
1704070800,1.35736,1.36829,1.35525,1.36814,712.0
1704072600,1.36881,1.36934,1.36636,1.3666,100.0
1704074400,1.36781,1.3684,1.34074,1.34387,175.0
1704076200,1.34202,1.36484,1.34197,1.36362,133.0
1704078000,1.36498,1.37978,1.36486,1.37954,100.0
1704079800,1.37976,1.38007,1.37293,1.37318,187.0
1704081600,1.3711,1.38896,1.37062,1.38644,172.0
1704083400,1.38912,1.40612,1.38658,1.4055,315.0
1704085200,1.40591,1.40688,1.40512,1.40627,100.0
1704087000,1.40722,1.42375,1.4067,1.41262,306.0
1704088800,1.41406,1.41753,1.41366,1.41688,469.0
1704090600,1.41755,1.42492,1.41749,1.42491,108.0
1704092400,1.42237,1.42289,1.38978,1.39188,100.0
1704094200,1.39375,1.39674,1.39375,1.39673,160.0
1704096000,1.39742,1.3985,1.38998,1.39088,100.0
1704097800,1.39272,1.39274,1.37615,1.37621,100.0
1704099600,1.37459,1.37532,1.37262,1.37291,100.0
1704101400,1.37355,1.38161,1.37302,1.38061,155.0
1704103200,1.37971,1.39209,1.37931,1.38857,100.0
1704105000,1.38544,1.39075,1.38451,1.39036,113.0
1704106800,1.3908,1.39083,1.38187,1.38189,210.0
1704108600,1.3813,1.38131,1.36184,1.36185,100.0
1704110400,1.36234,1.3629,1.36051,1.36271,265.0
1704112200,1.3617,1.36584,1.36015,1.36395,100.0
1704114000,1.36612,1.36627,1.35668,1.35702,456.0
1704115800,1.35734,1.35864,1.34915,1.34958,230.0
1704117600,1.35164,1.3711,1.34508,1.36965,281.0
1704119400,1.36823,1.36823,1.3664,1.3664,137.0
1704121200,1.36806,1.37364,1.3494,1.35152,484.0
1704123000,1.35073,1.35151,1.33929,1.34128,100.0
1704124800,1.34049,1.34153,1.31795,1.31837,102.0
1704126600,1.31807,1.34541,1.31669,1.34442,290.0
1704128400,1.34223,1.3478,1.34125,1.34713,100.0
1704130200,1.34764,1.35448,1.33904,1.35164,312.0
1704132000,1.35138,1.36584,1.34942,1.36538,200.0
1704133800,1.3674,1.36808,1.35459,1.35519,452.0
1704135600,1.35268,1.35539,1.35243,1.35402,100.0
1704137400,1.3519,1.35659,1.34995,1.35619,100.0
1704139200,1.3563,1.35654,1.33293,1.33301,158.0
1704141000,1.33444,1.33495,1.32496,1.32505,182.0
1704142800,1.32377,1.33896,1.32356,1.33839,171.0
1704144600,1.33818,1.35766,1.32877,1.35284,149.0
1704146400,1.35287,1.36542,1.35273,1.36307,100.0
1704148200,1.36355,1.36382,1.35584,1.35618,100.0
1704150000,1.3578,1.35793,1.34567,1.34605,206.0
1704151800,1.34473,1.3501,1.34468,1.34962,101.0
1704153600,1.34896,1.35231,1.34852,1.35062,105.0
1704155400,1.35094,1.35442,1.35005,1.35398,243.0
1704157200,1.35462,1.35462,1.34466,1.34483,197.0
1704159000,1.34573,1.35854,1.34547,1.3539,373.0
1704160800,1.35499,1.35964,1.35447,1.35656,100.0
1704162600,1.35709,1.35803,1.35146,1.35151,128.0
1704164400,1.35191,1.36523,1.35121,1.36516,100.0
1704166200,1.36511,1.36936,1.36296,1.36872,140.0
1704168000,1.36873,1.37358,1.36049,1.36858,192.0
1704169800,1.36846,1.38012,1.36565,1.37972,142.0
1704171600,1.37849,1.38079,1.37821,1.38079,100.0
1704173400,1.38092,1.38103,1.37478,1.37613,100.0
1704175200,1.37198,1.37199,1.37058,1.37168,511.0
1704177000,1.3703,1.3817,1.36821,1.38091,104.0
1704178800,1.38056,1.38153,1.36971,1.36987,126.0
1704180600,1.36736,1.37911,1.3672,1.37905,100.0
1704182400,1.37859,1.3893,1.35483,1.36581,304.0
1704184200,1.36516,1.36612,1.36132,1.3614,100.0
1704186000,1.36132,1.36177,1.35071,1.35199,113.0
1704187800,1.35215,1.35331,1.35122,1.35232,337.0
1704189600,1.3542,1.35733,1.35372,1.35718,506.0
1704191400,1.35587,1.37832,1.35527,1.37778,161.0
1704193200,1.377,1.37985,1.36765,1.3679,100.0
1704195000,1.36916,1.37075,1.35469,1.35525,102.0
1704196800,1.35711,1.35737,1.32598,1.32709,426.0
1704198600,1.32614,1.32731,1.30019,1.30387,100.0
1704200400,1.30418,1.30687,1.30418,1.30687,274.0
1704202200,1.30759,1.30898,1.30478,1.30578,181.0
1704204000,1.3054,1.30785,1.29136,1.29254,129.0
1704205800,1.29311,1.31503,1.28656,1.31404,797.0
1704207600,1.31269,1.3128,1.29922,1.30545,282.0
1704209400,1.30483,1.32241,1.30375,1.31978,100.0
1704211200,1.3197,1.32341,1.31132,1.31334,100.0
1704213000,1.31338,1.31389,1.30342,1.30352,151.0
1704214800,1.30216,1.30417,1.30214,1.30415,100.0
1704216600,1.30415,1.30509,1.27931,1.2833,468.0
1704218400,1.28151,1.29189,1.28134,1.29163,100.0
1704220200,1.29221,1.29525,1.28798,1.28825,157.0
1704222000,1.28838,1.30023,1.28809,1.29644,294.0
1704223800,1.29552,1.29555,1.2763,1.27699,100.0
1704225600,1.27559,1.28029,1.27451,1.28016,306.0
1704227400,1.28073,1.281,1.26692,1.27402,100.0
1704229200,1.27385,1.27449,1.25515,1.25538,100.0
1704231000,1.25541,1.25648,1.24861,1.25086,100.0
1704232800,1.24988,1.25007,1.24909,1.2494,544.0
1704234600,1.25106,1.255,1.24935,1.25425,526.0
1704236400,1.25351,1.25428,1.24304,1.24339,560.0
1704238200,1.24402,1.25115,1.24332,1.24862,231.0
1704240000,1.24878,1.24923,1.23658,1.2378,109.0
1704241800,1.23813,1.23846,1.22664,1.22931,365.0
1704243600,1.22971,1.23018,1.22066,1.22208,763.0
1704245400,1.22208,1.22448,1.21798,1.2194,304.0
1704247200,1.21927,1.2207,1.20557,1.20684,827.0
1704249000,1.20744,1.20924,1.19259,1.1926,581.0
1704250800,1.19303,1.19962,1.17156,1.1724,949.0
1704252600,1.17201,1.1803,1.16915,1.18025,100.0
1704254400,1.17952,1.18654,1.16066,1.17234,100.0
1704256200,1.17202,1.17284,1.16347,1.16485,100.0
1704258000,1.168,1.17202,1.16054,1.16246,100.0
1704259800,1.16353,1.16773,1.16056,1.16674,100.0
1704261600,1.16591,1.16666,1.16503,1.16624,229.0
1704263400,1.16656,1.18107,1.1649,1.17881,685.0
1704265200,1.17758,1.18939,1.17659,1.18809,225.0
1704267000,1.18914,1.19389,1.18801,1.19352,100.0
1704268800,1.19359,1.19787,1.17792,1.1788,115.0
1704270600,1.17626,1.18605,1.17521,1.18433,755.0
1704272400,1.18429,1.18486,1.17631,1.17708,100.0
1704274200,1.17626,1.18216,1.17434,1.17902,532.0
1704276000,1.181,1.20302,1.17897,1.20183,100.0
1704277800,1.20187,1.20564,1.18852,1.18905,127.0
1704279600,1.18852,1.18854,1.18803,1.18805,228.0
1704281400,1.18814,1.18914,1.1836,1.18419,112.0
1704283200,1.18481,1.18485,1.1834,1.18344,100.0
1704285000,1.18423,1.18835,1.16513,1.16586,190.0
1704286800,1.16517,1.16631,1.1396,1.14026,318.0
1704288600,1.14118,1.14162,1.13195,1.13228,811.0
1704290400,1.13277,1.13399,1.12515,1.12917,165.0
1704292200,1.129,1.14286,1.12681,1.13873,100.0
1704294000,1.14018,1.14359,1.13744,1.14066,329.0
1704295800,1.13993,1.14002,1.12466,1.13079,100.0
1704297600,1.13033,1.1306,1.11771,1.11776,649.0
1704299400,1.11931,1.12953,1.1169,1.1266,100.0
1704301200,1.12516,1.13386,1.12496,1.13373,100.0
1704303000,1.1354,1.13582,1.12925,1.1296,100.0
1704304800,1.13148,1.1317,1.11801,1.11877,100.0
1704306600,1.11953,1.11962,1.1076,1.1099,397.0
1704308400,1.10987,1.11691,1.09893,1.10022,140.0
1704310200,1.09945,1.10473,1.09913,1.10451,100.0
1704312000,1.1045,1.10661,1.10237,1.10562,100.0
1704313800,1.105,1.10586,1.10498,1.10567,100.0
1704315600,1.10435,1.10801,1.09073,1.09165,275.0
1704317400,1.08943,1.10333,1.08901,1.10173,100.0
1704319200,1.1025,1.10262,1.09896,1.0993,100.0
1704321000,1.10002,1.10656,1.09948,1.1043,112.0
1704322800,1.1035,1.10793,1.10349,1.10785,273.0
1704324600,1.10969,1.11254,1.10225,1.10374,100.0
1704326400,1.10446,1.10464,1.09855,1.09874,100.0
1704328200,1.0986,1.10264,1.09777,1.10255,642.0
1704330000,1.10148,1.10445,1.09126,1.09159,186.0
1704331800,1.09162,1.09698,1.08571,1.09581,198.0
1704333600,1.09599,1.09615,1.08926,1.08981,140.0
1704335400,1.08827,1.09135,1.0871,1.09105,550.0
1704337200,1.08923,1.09726,1.08813,1.09257,604.0
1704339000,1.09227,1.09502,1.09195,1.09422,285.0
1704340800,1.0941,1.0942,1.0897,1.09007,100.0
1704342600,1.0897,1.09451,1.08913,1.09205,161.0
1704344400,1.09255,1.09339,1.0654,1.06549,100.0
1704346200,1.06419,1.06672,1.05845,1.05898,225.0
1704348000,1.06008,1.08366,1.05974,1.0786,952.0
1704349800,1.07873,1.08872,1.07705,1.0885,100.0
1704351600,1.08804,1.0902,1.08784,1.08855,122.0
1704353400,1.08875,1.10019,1.08843,1.10007,137.0
1704355200,1.09956,1.1149,1.09914,1.1146,167.0
1704357000,1.11502,1.1151,1.09417,1.09548,100.0
1704358800,1.09355,1.09377,1.09304,1.09374,942.0
1704360600,1.09175,1.09769,1.0914,1.09372,141.0
1704362400,1.09407,1.10727,1.09253,1.10582,148.0
1704364200,1.10465,1.1052,1.0962,1.09634,207.0
1704366000,1.09765,1.09925,1.09722,1.09731,476.0
1704367800,1.09843,1.10178,1.08685,1.08719,335.0
1704369600,1.08858,1.0896,1.0878,1.08875,121.0
1704371400,1.08893,1.08942,1.07078,1.07354,398.0
1704373200,1.07232,1.08964,1.07165,1.08668,178.0
1704375000,1.08877,1.08914,1.0836,1.08379,100.0
1704376800,1.08346,1.08768,1.08184,1.08712,240.0
1704378600,1.08758,1.11227,1.08754,1.11164,449.0
1704380400,1.11151,1.11639,1.11148,1.11608,100.0
1704382200,1.11467,1.12536,1.11359,1.12522,100.0
1704384000,1.12603,1.136,1.12551,1.1321,100.0
1704385800,1.13156,1.13841,1.13155,1.13837,129.0
1704387600,1.13696,1.13909,1.12938,1.13052,100.0
1704389400,1.13186,1.1362,1.11309,1.1161,750.0
1704391200,1.11632,1.11907,1.11616,1.11878,100.0
1704393000,1.11851,1.11886,1.10724,1.10755,100.0
1704394800,1.10719,1.10991,1.09046,1.09081,338.0
1704396600,1.09085,1.10361,1.09038,1.0936,181.0
1704398400,1.09453,1.09475,1.07152,1.07157,100.0
1704400200,1.07055,1.07076,1.06947,1.06974,286.0
1704402000,1.07083,1.07097,1.05237,1.05369,103.0
1704403800,1.05328,1.05963,1.05325,1.05867,100.0
1704405600,1.0596,1.06014,1.0484,1.04893,100.0
1704407400,1.04968,1.05953,1.04934,1.05498,100.0
1704409200,1.05543,1.05587,1.04536,1.04745,234.0
1704411000,1.04705,1.05126,1.03098,1.031,100.0
1704412800,1.03104,1.03125,1.01692,1.01723,132.0
1704414600,1.01571,1.01598,0.99948,1.00565,132.0
1704416400,1.00628,1.00807,0.99622,0.99708,100.0
1704418200,0.99855,1.00688,0.99842,1.00635,376.0
1704420000,1.00688,1.00765,0.99814,0.99864,100.0
1704421800,0.99866,1.00164,0.99863,1.00161,393.0
1704423600,1.00198,1.00419,1.00156,1.00408,100.0
1704425400,1.00495,1.00936,1.00302,1.0073,217.0
1704427200,1.00878,1.0088,0.99861,1.00255,136.0
1704429000,1.00229,1.02154,0.99973,1.01878,100.0
1704430800,1.01839,1.02002,1.01097,1.01138,117.0
1704432600,1.01112,1.01338,1.00485,1.00542,100.0
1704434400,1.00539,1.00562,0.98457,0.98483,100.0
1704436200,0.98316,0.99303,0.9829,0.99233,147.0
1704438000,0.99211,0.99307,0.97526,0.98704,100.0
1704439800,0.98794,0.992,0.98408,0.9905,203.0
1704441600,0.99071,0.99181,0.9891,0.99011,670.0
1704443400,0.99078,0.99388,0.9833,0.98567,100.0
1704445200,0.9862,0.99096,0.98617,0.99095,100.0
1704447000,0.99014,0.99863,0.98881,0.99858,211.0
1704448800,0.9986,1.00142,0.99833,1.0013,248.0
1704450600,1.00115,1.00548,1.00027,1.00237,104.0
1704452400,1.00157,1.01001,1.00154,1.00993,100.0
1704454200,1.01105,1.01151,1.0028,1.00304,724.0
1704456000,1.0027,1.0031,0.9917,0.99232,100.0
1704457800,0.99119,0.9927,0.97928,0.9814,274.0
1704459600,0.98358,0.98358,0.97712,0.97738,650.0
1704461400,0.97828,0.97879,0.9717,0.97186,100.0
1704463200,0.97294,0.97569,0.97291,0.97564,100.0
1704465000,0.97619,0.97749,0.96944,0.9722,278.0
1704466800,0.97168,0.97186,0.96183,0.96307,125.0
1704468600,0.96272,0.96273,0.94955,0.94955,186.0
1704470400,0.94966,0.96059,0.94015,0.95495,290.0
1704472200,0.95461,0.96453,0.951,0.9603,191.0
1704474000,0.95848,0.96013,0.94954,0.94986,334.0
1704475800,0.95012,0.95925,0.94917,0.95818,100.0
1704477600,0.95795,0.96824,0.95556,0.96392,100.0
1704479400,0.96286,0.96667,0.96187,0.96367,412.0
1704481200,0.96431,0.96936,0.95743,0.95752,129.0
1704483000,0.96038,0.96804,0.96,0.96787,529.0
1704484800,0.96737,0.97155,0.95495,0.95826,131.0
1704486600,0.95742,0.96273,0.95539,0.96015,100.0
1704488400,0.95849,0.96938,0.95845,0.9692,100.0
1704490200,0.96969,0.9702,0.96278,0.96363,100.0
1704492000,0.96423,0.97304,0.96419,0.97296,100.0
1704493800,0.97225,0.97924,0.9719,0.97916,178.0
1704495600,0.98003,0.98531,0.97395,0.9756,270.0
1704497400,0.97513,0.97645,0.97417,0.97456,221.0
1704499200,0.97479,0.97528,0.96948,0.96948,100.0
1704501000,0.97182,0.97185,0.95809,0.95817,100.0
1704502800,0.95773,0.96368,0.94673,0.94829,100.0
1704504600,0.94714,0.94781,0.93791,0.94254,290.0
1704506400,0.9425,0.94362,0.92623,0.92668,100.0
1704508200,0.92584,0.93584,0.92573,0.93575,942.0
1704510000,0.93616,0.93882,0.93528,0.93863,124.0
1704511800,0.93826,0.94071,0.9373,0.93924,174.0
1704513600,0.93915,0.93917,0.91988,0.91992,196.0
1704515400,0.92079,0.9208,0.9137,0.91412,100.0
1704517200,0.91397,0.91403,0.91225,0.91229,792.0
1704519000,0.91239,0.91363,0.90723,0.90754,100.0
1704520800,0.90739,0.92079,0.90699,0.91937,100.0
1704522600,0.91953,0.92557,0.91895,0.92541,644.0
1704524400,0.92523,0.92783,0.92066,0.92095,275.0
1704526200,0.92097,0.92121,0.91055,0.91081,100.0
1704528000,0.91148,0.92186,0.91147,0.92182,436.0
1704529800,0.92174,0.93669,0.92157,0.93599,202.0
1704531600,0.93631,0.93699,0.9122,0.91304,134.0
1704533400,0.91229,0.91563,0.91027,0.91528,100.0
1704535200,0.91403,0.91648,0.91376,0.91611,1571.0
1704537000,0.91639,0.91735,0.91629,0.91725,137.0
1704538800,0.9168,0.91818,0.89219,0.89528,100.0
1704540600,0.89592,0.89686,0.89316,0.89404,262.0
1704542400,0.8948,0.89767,0.89477,0.89752,100.0
1704544200,0.89843,0.90126,0.89818,0.90053,100.0
1704546000,0.90055,0.90166,0.89067,0.89316,100.0
1704547800,0.89248,0.90856,0.8913,0.90831,100.0
1704549600,0.91024,0.91031,0.89967,0.90044,510.0
1704551400,0.90081,0.90125,0.89285,0.89402,104.0
1704553200,0.89351,0.91573,0.89325,0.91389,100.0
1704555000,0.9136,0.92047,0.91358,0.92047,100.0
1704556800,0.92044,0.9205,0.91873,0.91933,100.0
1704558600,0.91937,0.91951,0.91838,0.91839,152.0
1704560400,0.91887,0.91893,0.91576,0.91637,131.0
1704562200,0.91767,0.91768,0.91013,0.91013,617.0
1704564000,0.91026,0.91282,0.91013,0.91171,814.0
1704565800,0.91094,0.91181,0.89851,0.89877,127.0
1704567600,0.89819,0.90544,0.89777,0.90439,322.0
1704569400,0.90416,0.90538,0.88851,0.894,100.0
1704571200,0.89483,0.89486,0.88373,0.88572,100.0
1704573000,0.88673,0.88676,0.88656,0.8867,310.0
1704574800,0.88721,0.89658,0.88699,0.89637,100.0
1704576600,0.89712,0.90526,0.89709,0.90491,100.0
1704578400,0.90455,0.90536,0.88824,0.88885,100.0
1704580200,0.89038,0.89142,0.8816,0.88238,192.0
1704582000,0.88334,0.88383,0.87338,0.87605,191.0
1704583800,0.87626,0.88317,0.87595,0.88295,242.0
1704585600,0.88351,0.88355,0.86693,0.86743,298.0
1704587400,0.86679,0.88011,0.86547,0.87919,100.0
1704589200,0.87927,0.88995,0.87675,0.88964,529.0
1704591000,0.88878,0.91029,0.88447,0.90924,109.0
1704592800,0.91029,0.91903,0.90998,0.91744,363.0
1704594600,0.9185,0.91939,0.91297,0.91437,100.0
1704596400,0.91452,0.91534,0.90782,0.91491,100.0
1704598200,0.91504,0.9212,0.91438,0.92106,574.0
1704600000,0.91963,0.92115,0.91606,0.9166,100.0
1704601800,0.91519,0.92048,0.91444,0.92,645.0
1704603600,0.92131,0.93122,0.92083,0.92894,100.0
1704605400,0.92832,0.93869,0.91578,0.93457,100.0
1704607200,0.93354,0.93361,0.93139,0.93164,100.0
1704609000,0.93055,0.93132,0.92393,0.92571,652.0
1704610800,0.9258,0.93773,0.91917,0.93363,100.0
1704612600,0.93448,0.93494,0.93016,0.93043,144.0
1704614400,0.93072,0.93079,0.92865,0.92893,386.0
1704616200,0.93006,0.93241,0.92884,0.93227,130.0
1704618000,0.93357,0.9361,0.93186,0.93596,498.0
1704619800,0.93619,0.93624,0.93311,0.93324,1740.0
1704621600,0.93467,0.93568,0.93197,0.93204,668.0
1704623400,0.93162,0.9322,0.92786,0.92991,100.0
1704625200,0.92952,0.93848,0.92935,0.93645,471.0
1704627000,0.93661,0.94789,0.936,0.94715,283.0
1704628800,0.94681,0.96419,0.94636,0.96184,100.0
1704630600,0.96181,0.97064,0.95988,0.97043,100.0
1704632400,0.97164,0.97168,0.95411,0.95419,450.0
1704634200,0.95433,0.95545,0.94311,0.94469,115.0
1704636000,0.94361,0.94394,0.93665,0.93822,192.0
1704637800,0.93968,0.93976,0.92756,0.9276,1086.0
1704639600,0.92675,0.94105,0.92672,0.94105,273.0
1704641400,0.94166,0.96775,0.94166,0.95832,135.0
1704643200,0.95932,0.95996,0.95727,0.95776,543.0
1704645000,0.95886,0.96651,0.95807,0.96647,100.0
1704646800,0.96616,0.96767,0.96257,0.96283,101.0
1704648600,0.96215,0.97289,0.96152,0.97147,583.0
1704650400,0.97111,0.97343,0.95825,0.9583,100.0
1704652200,0.95864,0.96806,0.94934,0.96155,113.0
1704654000,0.96058,0.97481,0.96032,0.97452,100.0
1704655800,0.97522,0.97574,0.9485,0.94948,644.0
1704657600,0.948,0.95397,0.94786,0.95363,100.0
1704659400,0.95427,0.95458,0.94951,0.94974,190.0
1704661200,0.94919,0.95437,0.93824,0.94157,121.0
1704663000,0.94284,0.94499,0.93088,0.93093,204.0
1704664800,0.93107,0.93372,0.931,0.93361,119.0
1704666600,0.93449,0.95394,0.93211,0.95322,139.0
1704668400,0.95331,0.95337,0.95282,0.95283,731.0
1704670200,0.9518,0.9629,0.95168,0.9629,338.0
1704672000,0.96319,0.96425,0.95571,0.95861,390.0
1704673800,0.95739,0.95789,0.94775,0.94829,218.0
1704675600,0.95006,0.952,0.93456,0.93497,919.0
1704677400,0.93331,0.93812,0.93169,0.93782,149.0
1704679200,0.93729,0.93738,0.92933,0.9297,197.0
1704681000,0.92995,0.94102,0.9297,0.94082,222.0
1704682800,0.94073,0.95487,0.93475,0.95098,100.0
1704684600,0.95016,0.95397,0.94886,0.95332,364.0
1704686400,0.95156,0.95579,0.95035,0.95574,488.0
1704688200,0.95619,0.95621,0.94867,0.94872,156.0
1704690000,0.94799,0.95462,0.94775,0.95453,237.0
1704691800,0.95553,0.95591,0.95373,0.95437,200.0
1704693600,0.95528,0.95758,0.95005,0.95028,372.0
1704695400,0.94963,0.95008,0.94893,0.94987,254.0
1704697200,0.94921,0.97223,0.94886,0.96607,125.0
1704699000,0.96725,0.96966,0.96717,0.96922,456.0
1704700800,0.96748,0.97879,0.96689,0.97443,253.0
1704702600,0.97467,0.97507,0.96745,0.96767,100.0
1704704400,0.96619,0.96778,0.95452,0.95807,100.0
1704706200,0.95826,0.96453,0.95817,0.964,100.0
1704708000,0.96394,0.97482,0.96351,0.97357,100.0
1704709800,0.97278,0.97854,0.97275,0.97818,1269.0
1704711600,0.97916,0.98024,0.97836,0.9797,100.0
1704713400,0.97923,0.98163,0.96946,0.97405,100.0
1704715200,0.9732,0.98468,0.97302,0.98457,100.0
1704717000,0.98465,0.99374,0.97937,0.99302,100.0
1704718800,0.99244,1.00261,0.99212,1.00243,100.0
1704720600,1.00312,1.00414,1.00304,1.00411,440.0
1704722400,1.00311,1.00345,1.00196,1.00209,100.0
1704724200,1.00241,1.00374,0.99173,0.99179,100.0
1704726000,0.99138,0.99304,0.97703,0.97811,1077.0
1704727800,0.97849,0.99189,0.97752,0.99146,100.0
1704729600,0.99293,1.01449,0.98785,1.01449,909.0
1704731400,1.01429,1.01661,0.99705,0.99853,139.0
1704733200,0.99914,1.01381,0.99913,1.01343,113.0
1704735000,1.01441,1.01912,1.01428,1.01865,100.0
1704736800,1.0178,1.01789,1.01132,1.01199,270.0
1704738600,1.01311,1.01455,1.01305,1.01448,450.0
1704740400,1.01524,1.02884,1.01485,1.0288,229.0
1704742200,1.02808,1.04759,1.02684,1.04435,111.0
1704744000,1.04517,1.04619,1.04237,1.04599,292.0
1704745800,1.04679,1.04709,1.04009,1.04239,297.0
1704747600,1.04328,1.05137,1.04251,1.05113,1113.0
1704749400,1.04986,1.05225,1.04638,1.04783,917.0
1704751200,1.04909,1.05665,1.04668,1.05253,268.0
1704753000,1.05091,1.0524,1.03968,1.04006,397.0
1704754800,1.04009,1.04148,1.03039,1.03231,1560.0
1704756600,1.03198,1.03305,1.03153,1.03267,211.0
1704758400,1.03456,1.03967,1.03189,1.03197,353.0
1704760200,1.03332,1.03829,1.03229,1.03802,100.0
1704762000,1.03874,1.03875,1.02966,1.02973,405.0
1704763800,1.03041,1.03191,1.02341,1.02426,177.0
1704765600,1.02518,1.04043,1.02446,1.03732,591.0
1704767400,1.03707,1.0714,1.0365,1.07119,134.0
1704769200,1.07114,1.07157,1.05656,1.05657,288.0
1704771000,1.05559,1.07017,1.0533,1.06935,100.0
1704772800,1.06984,1.07357,1.05994,1.06241,100.0
1704774600,1.06144,1.06323,1.06116,1.06277,129.0
1704776400,1.06278,1.06677,1.06214,1.06659,100.0
1704778200,1.06634,1.07111,1.0663,1.07057,100.0
1704780000,1.06871,1.06941,1.06338,1.06356,196.0
1704781800,1.06321,1.07453,1.0618,1.07383,277.0
1704783600,1.07506,1.07723,1.05788,1.06065,100.0
1704785400,1.05954,1.0619,1.05487,1.05488,100.0
1704787200,1.05451,1.05536,1.04606,1.04649,309.0
1704789000,1.04593,1.05914,1.0417,1.05734,209.0
1704790800,1.05626,1.07521,1.05556,1.07475,401.0
1704792600,1.07672,1.07728,1.0727,1.07304,100.0
1704794400,1.0722,1.07376,1.06854,1.06925,100.0
1704796200,1.0696,1.07157,1.05938,1.06141,253.0
1704798000,1.062,1.06466,1.04274,1.04733,254.0
1704799800,1.04624,1.04641,1.04245,1.04415,1104.0
1704801600,1.04407,1.04461,1.03758,1.0376,129.0
1704803400,1.03845,1.03892,1.02647,1.02669,100.0
1704805200,1.02702,1.0389,1.02516,1.03582,642.0
1704807000,1.03769,1.04883,1.03745,1.04865,520.0
1704808800,1.04852,1.04914,1.04769,1.0484,136.0
1704810600,1.04683,1.05323,1.04682,1.05268,211.0
1704812400,1.05299,1.06208,1.0524,1.06078,223.0
1704814200,1.05943,1.07166,1.05844,1.06889,204.0
1704816000,1.06875,1.08386,1.06874,1.08382,237.0
1704817800,1.08332,1.08624,1.08235,1.08552,163.0
1704819600,1.08455,1.08457,1.08258,1.0826,131.0
1704821400,1.0832,1.08413,1.06459,1.0652,135.0
1704823200,1.06417,1.06455,1.06308,1.06339,100.0
1704825000,1.06293,1.0683,1.06141,1.0616,100.0
1704826800,1.06139,1.06443,1.04925,1.0493,129.0
1704828600,1.04996,1.05039,1.04604,1.04803,140.0
1704830400,1.04728,1.05391,1.04585,1.05325,100.0
1704832200,1.05194,1.07588,1.0517,1.07344,237.0
1704834000,1.07353,1.07599,1.07228,1.07591,101.0
1704835800,1.07652,1.09918,1.07419,1.09693,370.0
1704837600,1.09903,1.09903,1.08389,1.08527,100.0
1704839400,1.0854,1.0879,1.08501,1.08767,100.0
1704841200,1.08871,1.09033,1.08849,1.08922,468.0
1704843000,1.09097,1.09207,1.07948,1.0795,178.0
1704844800,1.08153,1.08496,1.08113,1.08481,252.0
1704846600,1.08549,1.08549,1.07583,1.07707,771.0
1704848400,1.07568,1.08836,1.07539,1.08814,250.0
1704850200,1.08759,1.0993,1.08735,1.09928,276.0
1704852000,1.10069,1.10081,1.09924,1.09933,142.0
1704853800,1.09869,1.11041,1.09859,1.10983,1013.0
1704855600,1.10955,1.11118,1.1064,1.10713,166.0
1704857400,1.10646,1.10729,1.0995,1.10198,536.0
1704859200,1.10082,1.13237,1.1007,1.13233,1263.0
1704861000,1.13267,1.13313,1.1242,1.12724,388.0
1704862800,1.12786,1.12961,1.12766,1.12957,100.0
1704864600,1.12961,1.1347,1.12255,1.12429,142.0
1704866400,1.12597,1.12973,1.12575,1.12926,313.0
1704868200,1.12898,1.13367,1.12796,1.13182,623.0
1704870000,1.13289,1.14176,1.12893,1.12913,238.0
1704871800,1.12974,1.12992,1.12595,1.12765,452.0
1704873600,1.12886,1.13144,1.12821,1.13119,318.0
1704875400,1.13125,1.13408,1.13121,1.1332,145.0
1704877200,1.13341,1.14538,1.1316,1.14269,100.0
1704879000,1.14358,1.15604,1.14348,1.15494,172.0
1704880800,1.154,1.19793,1.15337,1.19751,248.0
1704882600,1.197,1.21282,1.19689,1.2128,100.0
1704884400,1.21236,1.21993,1.2033,1.2044,169.0
1704886200,1.2039,1.20573,1.20255,1.20453,152.0
1704888000,1.20348,1.20691,1.20177,1.2057,100.0
1704889800,1.20369,1.2143,1.19961,1.21213,100.0
1704891600,1.21279,1.21451,1.21217,1.21449,370.0
1704893400,1.21363,1.21662,1.19743,1.20079,208.0
1704895200,1.20149,1.20228,1.19599,1.19699,488.0
1704897000,1.19787,1.19879,1.19019,1.19033,151.0
1704898800,1.19089,1.19225,1.18644,1.19115,100.0
1704900600,1.1913,1.20547,1.18828,1.20531,227.0
1704902400,1.20498,1.20655,1.19488,1.19784,100.0
1704904200,1.19732,1.22409,1.19499,1.22303,127.0
1704906000,1.22445,1.2249,1.22126,1.2219,100.0
1704907800,1.22255,1.23139,1.21959,1.22263,179.0
1704909600,1.21986,1.23349,1.21869,1.22629,100.0
1704911400,1.22526,1.23922,1.22485,1.23911,100.0
1704913200,1.2382,1.25594,1.23818,1.25592,104.0
1704915000,1.25505,1.25693,1.25478,1.25639,1744.0
1704916800,1.25607,1.26091,1.25522,1.26024,100.0
1704918600,1.26076,1.26437,1.25995,1.26412,213.0
1704920400,1.26533,1.26685,1.25453,1.25581,100.0
1704922200,1.2568,1.25701,1.25669,1.25692,197.0
1704924000,1.25448,1.29896,1.25361,1.29841,100.0
1704925800,1.29764,1.30063,1.29727,1.30019,129.0
1704927600,1.29986,1.30378,1.29877,1.3002,100.0
1704929400,1.30044,1.30248,1.30002,1.30247,187.0
1704931200,1.30261,1.30275,1.28644,1.28732,100.0
1704933000,1.28553,1.30425,1.28505,1.30214,100.0
1704934800,1.30061,1.30505,1.29958,1.30264,100.0
1704936600,1.30239,1.30265,1.28929,1.28933,100.0
1704938400,1.28963,1.29516,1.26007,1.26315,100.0
1704940200,1.26369,1.26706,1.26351,1.26695,1284.0
1704942000,1.26878,1.26879,1.24088,1.24096,202.0
1704943800,1.23939,1.25682,1.23848,1.25386,1004.0
1704945600,1.25423,1.27387,1.25308,1.26293,208.0
1704947400,1.26426,1.26853,1.26254,1.26713,100.0
1704949200,1.26742,1.2685,1.2351,1.23708,563.0
1704951000,1.23687,1.24503,1.23522,1.23946,777.0
1704952800,1.24017,1.24027,1.23699,1.23715,100.0
1704954600,1.23572,1.2365,1.23127,1.23408,651.0
1704956400,1.23388,1.2615,1.23282,1.2614,100.0
1704958200,1.26061,1.26063,1.2511,1.25348,556.0
1704960000,1.25429,1.25595,1.24027,1.24477,144.0
1704961800,1.24366,1.24373,1.22536,1.22542,172.0
1704963600,1.22547,1.22569,1.21582,1.21607,309.0
1704965400,1.21749,1.21769,1.20192,1.20244,200.0
1704967200,1.2037,1.20409,1.20302,1.20307,770.0
1704969000,1.20327,1.20495,1.18627,1.18675,145.0
1704970800,1.18693,1.18726,1.18189,1.1839,100.0
1704972600,1.18426,1.18428,1.18352,1.1838,175.0
1704974400,1.18456,1.18848,1.18427,1.18841,145.0
1704976200,1.18954,1.1901,1.17843,1.1786,100.0
1704978000,1.17809,1.17826,1.1674,1.16762,100.0
1704979800,1.16832,1.16873,1.15794,1.16138,100.0
1704981600,1.16012,1.17152,1.1601,1.17151,1805.0
1704983400,1.16982,1.17029,1.16366,1.16386,170.0
1704985200,1.1649,1.1753,1.16447,1.17505,100.0
1704987000,1.17427,1.19743,1.17425,1.19554,115.0
1704988800,1.19412,1.19474,1.1924,1.19364,572.0
1704990600,1.19309,1.19536,1.1926,1.19502,100.0
1704992400,1.19559,1.19582,1.17644,1.17715,214.0
1704994200,1.17538,1.18107,1.16901,1.17898,845.0
1704996000,1.17854,1.17869,1.16531,1.16582,100.0
1704997800,1.16553,1.17711,1.16182,1.17186,100.0
1704999600,1.17164,1.19183,1.17117,1.18954,100.0
1705001400,1.19061,1.19102,1.16904,1.17195,355.0
1705003200,1.16995,1.18211,1.16995,1.18188,161.0
1705005000,1.1827,1.18475,1.16552,1.16623,132.0
1705006800,1.1664,1.17217,1.13677,1.138,138.0
1705008600,1.13785,1.14807,1.13768,1.1478,273.0
1705010400,1.14688,1.15196,1.14681,1.15162,127.0
1705012200,1.15032,1.15058,1.13985,1.14429,342.0
1705014000,1.14502,1.14513,1.13471,1.13568,686.0
1705015800,1.13587,1.13645,1.13389,1.13455,100.0
1705017600,1.13397,1.14316,1.1339,1.14096,184.0
1705019400,1.1399,1.14237,1.13896,1.14076,330.0
1705021200,1.13939,1.1394,1.13269,1.13278,154.0
1705023000,1.13343,1.13366,1.11788,1.12207,129.0
1705024800,1.12137,1.12242,1.11772,1.11856,637.0
1705026600,1.11881,1.11894,1.1037,1.10374,154.0
1705028400,1.10263,1.10281,1.08451,1.08509,192.0
1705030200,1.08673,1.08682,1.08097,1.0812,291.0
1705032000,1.0795,1.09195,1.07854,1.09044,100.0
1705033800,1.08938,1.08948,1.08035,1.08036,128.0
1705035600,1.0811,1.0814,1.06464,1.06489,602.0
1705037400,1.06507,1.07685,1.05139,1.05272,157.0
1705039200,1.05262,1.06496,1.05227,1.06276,323.0
1705041000,1.06335,1.06478,1.05888,1.06334,100.0
1705042800,1.06417,1.08336,1.06172,1.08101,100.0
1705044600,1.08181,1.08187,1.07309,1.07378,113.0
1705046400,1.07346,1.07472,1.06129,1.06372,100.0
1705048200,1.06204,1.06958,1.05462,1.05652,100.0
1705050000,1.05523,1.05691,1.05397,1.05517,101.0
1705051800,1.05535,1.05812,1.05507,1.05794,100.0
1705053600,1.05673,1.05678,1.05238,1.05268,259.0
1705055400,1.05292,1.05322,1.0451,1.04521,100.0
1705057200,1.04538,1.04541,1.03985,1.04017,117.0
1705059000,1.04074,1.043,1.03743,1.03805,100.0
1705060800,1.03793,1.04313,1.03787,1.04251,146.0
1705062600,1.04233,1.05057,1.03638,1.04963,100.0
1705064400,1.05036,1.05309,1.0354,1.03558,319.0
1705066200,1.03568,1.04494,1.03494,1.04467,100.0
1705068000,1.04608,1.05505,1.0455,1.05446,100.0
1705069800,1.05377,1.05966,1.05273,1.05955,314.0
1705071600,1.05993,1.07074,1.05987,1.07018,612.0
1705073400,1.07158,1.0716,1.07115,1.07116,100.0
1705075200,1.06949,1.06963,1.05982,1.06365,100.0
1705077000,1.06262,1.06276,1.06063,1.06085,1322.0
1705078800,1.061,1.07459,1.0606,1.07304,282.0
1705080600,1.07297,1.07302,1.05548,1.05552,592.0
1705082400,1.05585,1.05664,1.04784,1.04815,279.0
1705084200,1.04838,1.0551,1.04728,1.05363,1648.0
1705086000,1.05377,1.06234,1.04194,1.05078,167.0
1705087800,1.0497,1.04971,1.03382,1.03416,216.0
1705089600,1.03519,1.03715,1.03516,1.03702,237.0
1705091400,1.03656,1.04201,1.03578,1.0419,100.0
1705093200,1.04265,1.04379,1.03477,1.03547,346.0
1705095000,1.03424,1.03662,1.03178,1.03453,459.0
1705096800,1.03312,1.03534,1.02916,1.02987,100.0
1705098600,1.02695,1.02822,1.02573,1.02618,100.0
1705100400,1.02681,1.02931,1.02475,1.02928,100.0
1705102200,1.0312,1.03157,1.02979,1.0314,156.0
1705104000,1.02946,1.03132,1.02927,1.02985,323.0
1705105800,1.02912,1.06208,1.02649,1.06025,582.0
1705107600,1.0614,1.06241,1.05712,1.06183,100.0
1705109400,1.06299,1.06301,1.0482,1.04836,391.0
1705111200,1.0498,1.05059,1.03128,1.03269,100.0
1705113000,1.03437,1.03519,1.0301,1.03116,357.0
1705114800,1.0303,1.04394,1.03026,1.04197,100.0
1705116600,1.04298,1.04586,1.03312,1.03394,100.0
1705118400,1.03484,1.03963,1.03324,1.03925,132.0
1705120200,1.03828,1.04549,1.03807,1.04541,323.0
1705122000,1.04583,1.04585,1.03827,1.03906,100.0
1705123800,1.03789,1.0454,1.03501,1.04385,289.0
1705125600,1.0434,1.0482,1.04323,1.04817,100.0
1705127400,1.04758,1.04759,1.04038,1.04053,357.0
1705129200,1.03972,1.0439,1.03933,1.04352,106.0
1705131000,1.04419,1.04464,1.02797,1.03345,523.0
1705132800,1.03199,1.03736,1.03006,1.03635,211.0
1705134600,1.03785,1.04052,1.02679,1.027,300.0
1705136400,1.02888,1.02926,1.02779,1.02804,607.0
1705138200,1.02769,1.04391,1.02751,1.04326,100.0
1705140000,1.04183,1.04215,1.02944,1.0295,135.0
1705141800,1.02852,1.02857,1.02556,1.02653,170.0
1705143600,1.0243,1.02524,1.02033,1.02281,143.0
1705145400,1.02313,1.02379,1.00478,1.00644,117.0
1705147200,1.0064,1.00646,1.00092,1.00186,423.0
1705149000,1.00023,1.0114,1.00013,1.00783,326.0
1705150800,1.00759,1.00788,0.99688,0.99749,100.0
1705152600,0.99766,1.01701,0.99743,1.01513,128.0
1705154400,1.01522,1.01694,0.99824,1.00053,100.0
1705156200,1.00048,1.0166,0.99522,1.01213,127.0
1705158000,1.01327,1.01485,1.00434,1.00642,312.0
1705159800,1.00736,1.00739,0.99929,0.99936,100.0
1705161600,0.99997,1.01959,0.99881,1.01902,100.0
1705163400,1.01804,1.01868,0.99855,1.00024,157.0
1705165200,1.00108,1.00173,0.98072,0.98135,121.0
1705167000,0.98081,0.98342,0.9603,0.96108,100.0
1705168800,0.96061,0.97485,0.96015,0.97482,2722.0
1705170600,0.97688,0.98464,0.97677,0.98437,100.0
1705172400,0.98346,0.98984,0.9834,0.98874,100.0
1705174200,0.98951,0.99025,0.97527,0.9755,250.0
1705176000,0.97585,0.97837,0.9754,0.97825,169.0
1705177800,0.97798,0.97967,0.96842,0.96873,100.0
1705179600,0.96864,0.98312,0.96326,0.97524,100.0
1705181400,0.97605,0.97607,0.96432,0.96433,413.0
1705183200,0.96424,0.96742,0.96331,0.96639,330.0
1705185000,0.96616,0.96659,0.95928,0.95946,183.0
1705186800,0.95989,0.95989,0.95869,0.95886,450.0
1705188600,0.96023,0.96853,0.95358,0.96697,100.0
1705190400,0.96465,0.97929,0.96378,0.97886,150.0
1705192200,0.97858,0.97904,0.96913,0.96938,105.0
1705194000,0.96777,0.97985,0.96609,0.97918,163.0
1705195800,0.97987,0.98016,0.97124,0.97163,118.0
1705197600,0.97168,0.97375,0.97131,0.97333,100.0
1705199400,0.97361,0.97406,0.96175,0.96292,257.0
1705201200,0.96326,0.9759,0.95957,0.96948,100.0
1705203000,0.96963,0.97055,0.95691,0.95717,108.0
1705204800,0.95551,0.95977,0.9532,0.95757,276.0
1705206600,0.95751,0.95757,0.95179,0.95195,100.0
1705208400,0.95114,0.95116,0.93997,0.9423,259.0
1705210200,0.94076,0.97236,0.94036,0.97208,130.0
1705212000,0.97175,0.97217,0.96701,0.96742,267.0
1705213800,0.96791,0.97651,0.96725,0.9758,1207.0
1705215600,0.9766,0.97732,0.96613,0.96657,168.0
1705217400,0.9645,0.97755,0.96448,0.97753,212.0
1705219200,0.97586,0.97936,0.97504,0.97877,100.0
1705221000,0.97962,0.9848,0.96385,0.96452,183.0
1705222800,0.9643,0.96675,0.94829,0.94867,374.0
1705224600,0.94909,0.95504,0.94788,0.95118,100.0
1705226400,0.95036,0.95527,0.94981,0.95526,183.0
1705228200,0.95544,0.95751,0.95119,0.95153,131.0
1705230000,0.95058,0.95472,0.95047,0.95463,165.0
1705231800,0.9542,0.98117,0.9536,0.98114,355.0
1705233600,0.98119,0.9819,0.97336,0.97433,100.0
1705235400,0.97461,0.9798,0.9585,0.95868,141.0
1705237200,0.9579,0.95815,0.95789,0.95793,100.0
1705239000,0.95859,0.95934,0.94938,0.95106,100.0
1705240800,0.95022,0.95498,0.9502,0.95481,1002.0
1705242600,0.95439,0.9589,0.94882,0.94985,104.0
1705244400,0.94929,0.95249,0.94545,0.95245,199.0
1705246200,0.95255,0.95257,0.95043,0.95084,152.0
1705248000,0.95141,0.95146,0.94493,0.94725,395.0
1705249800,0.94598,0.94789,0.93658,0.93853,174.0
1705251600,0.94043,0.94179,0.93228,0.93229,136.0
1705253400,0.93237,0.93527,0.93189,0.93451,136.0
1705255200,0.93468,0.93839,0.93319,0.93836,209.0
1705257000,0.9377,0.93796,0.93432,0.93545,100.0
1705258800,0.93535,0.93545,0.9333,0.93337,228.0
1705260600,0.93234,0.93641,0.93115,0.93635,100.0
1705262400,0.93659,0.93663,0.92823,0.92836,183.0
1705264200,0.9278,0.9282,0.92233,0.92626,177.0
1705266000,0.92436,0.92437,0.91086,0.91087,100.0
1705267800,0.91192,0.912,0.90251,0.90261,132.0
1705269600,0.9031,0.90324,0.89871,0.89924,100.0
1705271400,0.89893,0.92012,0.89828,0.91944,162.0
1705273200,0.91932,0.91976,0.91544,0.9158,125.0
1705275000,0.91457,0.91512,0.90446,0.90554,1326.0
1705276800,0.90473,0.91306,0.90336,0.91304,100.0
1705278600,0.91425,0.9156,0.89226,0.89915,101.0
1705280400,0.89973,0.90328,0.89969,0.90275,100.0
1705282200,0.90198,0.90286,0.89454,0.89489,108.0
1705284000,0.89585,0.89808,0.87983,0.87985,100.0
1705285800,0.87994,0.882,0.87343,0.87546,756.0
1705287600,0.87423,0.88097,0.87307,0.8784,165.0
1705289400,0.87857,0.88158,0.87856,0.88158,295.0
1705291200,0.88364,0.8837,0.88276,0.88288,163.0
1705293000,0.88318,0.88336,0.8799,0.88019,115.0
1705294800,0.88016,0.88071,0.86961,0.86973,138.0
1705296600,0.8694,0.86948,0.86494,0.86554,159.0
1705298400,0.86474,0.86574,0.85859,0.8591,250.0
1705300200,0.85884,0.86067,0.84289,0.84313,100.0
1705302000,0.84285,0.84307,0.84059,0.84155,144.0
1705303800,0.84162,0.84347,0.84027,0.84046,157.0
1705305600,0.83985,0.84989,0.8377,0.84886,612.0
1705307400,0.85048,0.8655,0.84981,0.86518,639.0
1705309200,0.86402,0.87016,0.86381,0.87009,565.0
1705311000,0.86852,0.8687,0.86381,0.86384,100.0
1705312800,0.86313,0.86345,0.86098,0.86137,1700.0
1705314600,0.86146,0.86276,0.85499,0.85554,100.0
1705316400,0.85567,0.85678,0.85547,0.85642,100.0
1705318200,0.85643,0.86717,0.8559,0.86714,969.0
1705320000,0.86671,0.86802,0.85977,0.86029,1019.0
1705321800,0.85936,0.8603,0.85729,0.85766,146.0
1705323600,0.85766,0.8636,0.8566,0.86354,104.0
1705325400,0.86374,0.86402,0.85685,0.85772,624.0
1705327200,0.85646,0.85698,0.84929,0.84986,307.0
1705329000,0.84894,0.85577,0.84876,0.8552,201.0
1705330800,0.85554,0.85834,0.85488,0.85741,100.0
1705332600,0.8568,0.86117,0.85597,0.85991,100.0
1705334400,0.8598,0.86015,0.85512,0.85603,100.0
1705336200,0.85633,0.85642,0.8505,0.8506,100.0
1705338000,0.85008,0.85283,0.84419,0.84476,527.0
1705339800,0.84373,0.84385,0.84339,0.84361,475.0
1705341600,0.84356,0.85428,0.83946,0.85376,100.0
1705343400,0.85482,0.85679,0.85053,0.85246,125.0
1705345200,0.85274,0.8612,0.85256,0.86106,112.0
1705347000,0.86129,0.86303,0.85905,0.85949,1167.0
1705348800,0.85949,0.85983,0.8559,0.85759,348.0
1705350600,0.85692,0.87145,0.85672,0.87032,100.0
1705352400,0.87081,0.87497,0.87036,0.87476,320.0
1705354200,0.8728,0.88863,0.87156,0.88713,101.0
1705356000,0.8874,0.89024,0.87312,0.87615,249.0
1705357800,0.87573,0.87813,0.87529,0.87655,116.0
1705359600,0.87627,0.88618,0.87276,0.88467,1167.0
1705361400,0.88475,0.8965,0.88185,0.89348,100.0
1705363200,0.89278,0.89332,0.88332,0.88359,100.0
1705365000,0.88241,0.88557,0.88241,0.88554,278.0
1705366800,0.88632,0.88648,0.87916,0.87974,100.0
1705368600,0.88021,0.88231,0.8732,0.87622,219.0
1705370400,0.87706,0.87782,0.8669,0.86743,548.0
1705372200,0.86812,0.86967,0.85841,0.85869,460.0
1705374000,0.85879,0.85882,0.84222,0.84385,185.0
1705375800,0.84421,0.84678,0.84307,0.84631,149.0
1705377600,0.84659,0.84764,0.82987,0.82994,100.0
1705379400,0.82978,0.83164,0.82582,0.82595,359.0
1705381200,0.82586,0.82799,0.822,0.82362,100.0
1705383000,0.82265,0.83012,0.82181,0.83005,100.0
1705384800,0.83045,0.8338,0.81808,0.81998,208.0
1705386600,0.82072,0.82212,0.81725,0.81778,951.0
1705388400,0.81841,0.83233,0.81818,0.8321,100.0
1705390200,0.83176,0.83191,0.82901,0.82923,227.0
1705392000,0.82884,0.83021,0.82472,0.82479,294.0
1705393800,0.82515,0.83132,0.82498,0.83126,153.0
1705395600,0.83143,0.83457,0.82507,0.82578,100.0
1705397400,0.82622,0.82852,0.81772,0.81807,100.0
1705399200,0.81871,0.83369,0.81702,0.83139,100.0
1705401000,0.83139,0.83141,0.82461,0.82553,100.0
1705402800,0.82518,0.83062,0.81797,0.82724,102.0
1705404600,0.82678,0.83158,0.8252,0.83089,435.0
1705406400,0.83088,0.8309,0.83066,0.83071,215.0
1705408200,0.82925,0.83901,0.82911,0.83856,100.0
1705410000,0.83902,0.84337,0.83831,0.84295,100.0
1705411800,0.84316,0.84399,0.84212,0.84321,583.0
1705413600,0.84271,0.84338,0.82911,0.83012,1381.0
1705415400,0.83087,0.83324,0.82216,0.82484,376.0
1705417200,0.82389,0.8239,0.82194,0.82212,147.0
1705419000,0.82151,0.82161,0.81911,0.82004,100.0
1705420800,0.82035,0.84153,0.81917,0.84092,356.0
1705422600,0.84138,0.84291,0.82431,0.8249,169.0
1705424400,0.82404,0.82651,0.82377,0.82618,100.0
1705426200,0.82512,0.83304,0.8251,0.83272,2789.0
1705428000,0.8319,0.83266,0.82919,0.82975,128.0
1705429800,0.82981,0.83347,0.82979,0.83182,540.0
1705431600,0.83182,0.83245,0.8214,0.82213,100.0
1705433400,0.8227,0.82395,0.80117,0.80162,127.0
1705435200,0.80134,0.80164,0.79807,0.80038,100.0
1705437000,0.80224,0.80239,0.79925,0.79958,378.0
1705438800,0.80012,0.8113,0.79825,0.81035,100.0
1705440600,0.81132,0.81475,0.8095,0.81375,779.0
1705442400,0.81322,0.81593,0.81287,0.81591,277.0
1705444200,0.81562,0.81584,0.81388,0.8149,100.0
1705446000,0.81513,0.81518,0.8,0.80151,100.0
1705447800,0.80193,0.80963,0.80186,0.80882,294.0
1705449600,0.80877,0.80935,0.78303,0.78456,1102.0
1705451400,0.78545,0.78559,0.7724,0.7726,219.0
1705453200,0.77299,0.77378,0.76361,0.76403,101.0
1705455000,0.76189,0.7619,0.75725,0.75739,218.0
1705456800,0.75723,0.75776,0.74509,0.74783,237.0
1705458600,0.74768,0.74771,0.73224,0.73346,111.0
1705460400,0.73476,0.73531,0.72722,0.72784,100.0
1705462200,0.72777,0.73306,0.72501,0.73282,375.0
1705464000,0.73301,0.73304,0.73274,0.73278,100.0
1705465800,0.73344,0.73422,0.71565,0.71662,100.0
1705467600,0.71652,0.7181,0.70982,0.71059,206.0
1705469400,0.7106,0.71075,0.70543,0.70553,100.0
1705471200,0.70616,0.70632,0.69694,0.69963,124.0
1705473000,0.69991,0.70099,0.69557,0.69592,226.0
1705474800,0.69568,0.69585,0.68939,0.69153,179.0
1705476600,0.69187,0.69306,0.68826,0.69049,140.0
1705478400,0.68951,0.69421,0.68943,0.69358,100.0
1705480200,0.69347,0.69486,0.69307,0.69384,108.0
1705482000,0.69269,0.69342,0.69151,0.69327,162.0
1705483800,0.69311,0.69532,0.68976,0.69495,439.0
1705485600,0.69588,0.696,0.6938,0.69405,181.0
1705487400,0.69458,0.69575,0.68659,0.68679,148.0
1705489200,0.6868,0.68682,0.67761,0.67775,225.0
1705491000,0.67742,0.69199,0.67736,0.69102,350.0
1705492800,0.69013,0.69071,0.68747,0.68805,318.0
1705494600,0.68942,0.68955,0.6857,0.68581,198.0
1705496400,0.68608,0.68738,0.67831,0.68033,100.0
1705498200,0.68017,0.68318,0.67944,0.68222,579.0
1705500000,0.68138,0.68833,0.68122,0.68832,100.0
1705501800,0.68814,0.6907,0.688,0.69018,722.0
1705503600,0.68958,0.69368,0.68949,0.69277,124.0
1705505400,0.69295,0.69328,0.68532,0.68534,431.0
1705507200,0.68469,0.68507,0.68141,0.68213,299.0
1705509000,0.68193,0.68424,0.68183,0.68406,100.0
1705510800,0.68462,0.68484,0.67831,0.67842,100.0
1705512600,0.67911,0.67921,0.67243,0.67258,111.0
1705514400,0.67265,0.67596,0.67146,0.67382,169.0
1705516200,0.67464,0.68437,0.67433,0.68364,588.0
1705518000,0.68317,0.69247,0.68206,0.68794,100.0
1705519800,0.688,0.68855,0.68704,0.68826,1751.0
1705521600,0.68759,0.68934,0.6871,0.68715,100.0
1705523400,0.6876,0.69498,0.68748,0.6946,100.0
1705525200,0.69434,0.71043,0.6872,0.70777,100.0
1705527000,0.70831,0.70839,0.70381,0.70387,117.0
1705528800,0.70329,0.70561,0.70206,0.7031,100.0
1705530600,0.70308,0.70309,0.68836,0.68993,910.0
1705532400,0.69105,0.6945,0.69014,0.69309,117.0
1705534200,0.69203,0.6945,0.69164,0.69406,200.0
1705536000,0.6932,0.70483,0.69262,0.70419,100.0
1705537800,0.70443,0.70976,0.7044,0.7096,273.0
1705539600,0.71056,0.71068,0.70649,0.70696,358.0
1705541400,0.70712,0.72399,0.70677,0.72385,100.0
1705543200,0.72432,0.72529,0.70815,0.70893,100.0
1705545000,0.70905,0.7282,0.70894,0.72814,219.0
1705546800,0.72855,0.72942,0.72332,0.72334,102.0
1705548600,0.72287,0.72951,0.72195,0.72856,100.0
1705550400,0.72909,0.72914,0.72056,0.72175,100.0
1705552200,0.72198,0.72253,0.72062,0.72072,100.0
1705554000,0.721,0.72353,0.72089,0.72353,305.0
1705555800,0.72237,0.72356,0.72148,0.72331,100.0
1705557600,0.72323,0.73475,0.7232,0.73182,650.0
1705559400,0.72998,0.73395,0.72849,0.73124,223.0
1705561200,0.73066,0.73352,0.72873,0.73282,155.0
1705563000,0.73352,0.74947,0.73185,0.74083,111.0
1705564800,0.73962,0.74039,0.73913,0.74033,112.0
1705566600,0.74065,0.74093,0.73847,0.73863,680.0
1705568400,0.73805,0.73806,0.72075,0.721,193.0
1705570200,0.72126,0.72132,0.71586,0.71602,363.0
1705572000,0.71472,0.72034,0.71445,0.72032,100.0
1705573800,0.72043,0.7205,0.71881,0.71962,153.0
1705575600,0.71924,0.71957,0.71707,0.71947,100.0
1705577400,0.71945,0.71947,0.71608,0.71614,136.0
1705579200,0.71685,0.72095,0.71631,0.7209,514.0
1705581000,0.72088,0.72158,0.71949,0.71997,390.0
1705582800,0.72106,0.72113,0.717,0.71747,232.0
1705584600,0.7176,0.73771,0.71722,0.73696,251.0
1705586400,0.73736,0.74366,0.73733,0.74318,100.0
1705588200,0.74266,0.74269,0.73868,0.73926,100.0
1705590000,0.73829,0.741,0.73736,0.7408,576.0
1705591800,0.74144,0.74518,0.7409,0.74486,305.0
1705593600,0.74458,0.75585,0.74382,0.75371,176.0
1705595400,0.75402,0.75419,0.74912,0.74917,100.0
1705597200,0.74855,0.7493,0.73635,0.73948,100.0
1705599000,0.73965,0.73973,0.73661,0.73715,100.0
1705600800,0.7371,0.73867,0.73478,0.73552,315.0
1705602600,0.73568,0.73584,0.72262,0.72267,152.0
1705604400,0.72373,0.72388,0.71964,0.72091,356.0
1705606200,0.72083,0.72133,0.71977,0.72019,465.0
1705608000,0.7212,0.72758,0.71748,0.72748,414.0
1705609800,0.72589,0.72593,0.72272,0.72273,202.0
1705611600,0.72203,0.72255,0.72175,0.72175,205.0
1705613400,0.72177,0.73377,0.72162,0.73376,100.0
1705615200,0.7327,0.73729,0.73016,0.731,100.0
1705617000,0.73093,0.7399,0.72966,0.7396,278.0
1705618800,0.73912,0.74451,0.73833,0.74369,277.0
1705620600,0.74349,0.74392,0.73684,0.73709,119.0
1705622400,0.73637,0.7454,0.73633,0.74496,291.0
1705624200,0.74469,0.74931,0.74263,0.74907,100.0
1705626000,0.74894,0.75503,0.7477,0.7536,100.0
1705627800,0.75308,0.75333,0.74527,0.74529,135.0
1705629600,0.74511,0.74512,0.72595,0.72606,100.0
1705631400,0.72576,0.72883,0.72096,0.72308,451.0
1705633200,0.72271,0.73018,0.72269,0.73001,100.0
1705635000,0.73064,0.73552,0.73028,0.73524,100.0
1705636800,0.73462,0.73462,0.73089,0.73112,397.0
1705638600,0.73153,0.73347,0.72231,0.72563,100.0
1705640400,0.72492,0.72713,0.7249,0.72674,121.0
1705642200,0.72745,0.73895,0.72739,0.73874,1383.0
1705644000,0.73934,0.73935,0.73491,0.7351,1546.0
1705645800,0.73611,0.75393,0.731,0.74377,735.0
1705647600,0.74494,0.75356,0.7435,0.75252,170.0
1705649400,0.7531,0.75408,0.74017,0.74431,100.0
1705651200,0.74483,0.7451,0.73534,0.73575,198.0
1705653000,0.73602,0.74399,0.73594,0.74389,157.0
1705654800,0.74263,0.74312,0.73995,0.74017,811.0
1705656600,0.74121,0.74822,0.73775,0.74687,100.0
1705658400,0.74631,0.74973,0.74481,0.74944,2069.0
1705660200,0.75036,0.76252,0.75033,0.7623,265.0
1705662000,0.76355,0.76895,0.76283,0.7686,1355.0
1705663800,0.76728,0.7776,0.76692,0.77755,296.0
1705665600,0.77794,0.77845,0.76737,0.77057,100.0
1705667400,0.76858,0.77701,0.76839,0.77698,165.0
1705669200,0.77671,0.77707,0.76938,0.7694,285.0
1705671000,0.76863,0.77415,0.76841,0.77413,1358.0
1705672800,0.77527,0.79208,0.77237,0.7873,100.0
1705674600,0.78768,0.80772,0.78745,0.80718,100.0
1705676400,0.80805,0.81233,0.80802,0.81229,348.0
1705678200,0.8124,0.82071,0.80969,0.82049,183.0
1705680000,0.81962,0.83343,0.81858,0.83037,161.0
1705681800,0.83087,0.83116,0.83005,0.83091,571.0
1705683600,0.83088,0.84006,0.8303,0.8356,100.0
1705685400,0.83578,0.83762,0.83338,0.83562,100.0
1705687200,0.83602,0.84917,0.83379,0.84866,100.0
1705689000,0.8497,0.85798,0.84405,0.85795,197.0
1705690800,0.85595,0.86112,0.85588,0.86105,155.0
1705692600,0.86061,0.86093,0.85835,0.8591,185.0
1705694400,0.85969,0.8604,0.85215,0.85224,315.0
1705696200,0.85239,0.8649,0.85227,0.86241,122.0
1705698000,0.86285,0.87705,0.86266,0.87687,100.0
1705699800,0.8779,0.87798,0.87675,0.87679,2822.0
1705701600,0.8771,0.87848,0.87536,0.87586,100.0
1705703400,0.87526,0.88033,0.87132,0.87663,100.0
1705705200,0.87573,0.87672,0.87357,0.87652,1587.0
1705707000,0.87572,0.88245,0.87571,0.88236,100.0
1705708800,0.88455,0.90042,0.87956,0.88393,1640.0
1705710600,0.88343,0.89046,0.88329,0.89041,265.0
1705712400,0.89123,0.89451,0.89064,0.89193,100.0
1705714200,0.89152,0.90078,0.89104,0.90069,127.0
1705716000,0.90076,0.91149,0.89986,0.91138,100.0
1705717800,0.91254,0.91262,0.90947,0.90963,880.0
1705719600,0.90984,0.92125,0.90962,0.91447,100.0
1705721400,0.91491,0.92055,0.91484,0.91985,714.0
1705723200,0.92077,0.93257,0.92025,0.93042,100.0
1705725000,0.93152,0.93231,0.92769,0.92952,103.0
1705726800,0.93022,0.93029,0.92514,0.92525,199.0
1705728600,0.9258,0.92998,0.92169,0.92628,100.0
1705730400,0.92509,0.92709,0.9247,0.92705,104.0
1705732200,0.92661,0.92667,0.92144,0.92145,100.0
1705734000,0.92117,0.92513,0.92112,0.92493,100.0
1705735800,0.92278,0.93214,0.91973,0.93163,632.0
1705737600,0.9319,0.93272,0.93178,0.93213,100.0
1705739400,0.9322,0.952,0.93209,0.95172,120.0
1705741200,0.9529,0.95872,0.95288,0.95819,176.0
1705743000,0.95874,0.96275,0.95868,0.96274,156.0
1705744800,0.96297,0.96368,0.95612,0.957,109.0
1705746600,0.95741,0.9752,0.95054,0.97479,142.0
1705748400,0.97505,0.9756,0.96707,0.96717,206.0
1705750200,0.96712,0.96736,0.9655,0.96567,100.0
1705752000,0.96639,0.96767,0.96622,0.96744,100.0
1705753800,0.96791,0.97413,0.96394,0.96448,126.0
1705755600,0.96347,0.96372,0.95774,0.95821,160.0
1705757400,0.95706,0.95752,0.95288,0.95526,100.0
1705759200,0.95585,0.96281,0.95577,0.96194,279.0
1705761000,0.96148,0.96186,0.95565,0.95685,146.0
1705762800,0.95727,0.96002,0.95615,0.95966,100.0
1705764600,0.95875,0.95957,0.95054,0.9513,100.0
1705766400,0.95255,0.95256,0.93859,0.93861,100.0
1705768200,0.93899,0.94637,0.91998,0.92296,458.0
1705770000,0.92365,0.93819,0.91924,0.93634,100.0
1705771800,0.93583,0.93733,0.92603,0.92989,325.0
1705773600,0.9293,0.92991,0.91532,0.92011,489.0
1705775400,0.91936,0.93,0.91872,0.92611,100.0
1705777200,0.92678,0.92831,0.91345,0.91436,100.0
1705779000,0.91352,0.91397,0.90849,0.90862,100.0
1705780800,0.90904,0.90913,0.90325,0.90331,100.0
1705782600,0.90387,0.90406,0.89637,0.89709,199.0
1705784400,0.89779,0.90142,0.89651,0.90135,171.0
1705786200,0.9006,0.90061,0.88535,0.88549,198.0
1705788000,0.88638,0.89465,0.88631,0.89445,100.0
1705789800,0.89406,0.89424,0.88148,0.88163,100.0
1705791600,0.88292,0.8839,0.86623,0.86813,1294.0
1705793400,0.86986,0.86988,0.85098,0.85101,336.0
1705795200,0.85171,0.85513,0.84386,0.84474,117.0
1705797000,0.84441,0.84494,0.84322,0.84435,198.0
1705798800,0.84449,0.84754,0.83142,0.83171,354.0
1705800600,0.83101,0.84205,0.83063,0.84197,100.0
1705802400,0.84184,0.85017,0.83968,0.84461,100.0
1705804200,0.84474,0.84579,0.83188,0.83278,148.0
1705806000,0.83128,0.8326,0.81469,0.81702,237.0
1705807800,0.8162,0.81998,0.81616,0.81915,353.0
1705809600,0.82015,0.82221,0.81976,0.82123,136.0
1705811400,0.82172,0.82734,0.82099,0.82711,382.0
1705813200,0.82689,0.8279,0.82019,0.8271,288.0
1705815000,0.82764,0.82829,0.80636,0.80755,100.0
1705816800,0.8083,0.80861,0.80247,0.80293,132.0
1705818600,0.80394,0.80757,0.80047,0.8024,100.0
1705820400,0.80231,0.80232,0.79259,0.79471,100.0
1705822200,0.79518,0.80279,0.794,0.80047,100.0
1705824000,0.80026,0.80031,0.79576,0.79577,100.0
1705825800,0.79599,0.79828,0.79576,0.79742,588.0
1705827600,0.79776,0.79792,0.79066,0.79124,449.0
1705829400,0.79167,0.7971,0.79042,0.79622,681.0
1705831200,0.79565,0.79683,0.79087,0.79168,100.0
1705833000,0.79115,0.7974,0.78935,0.79242,100.0
1705834800,0.79133,0.79408,0.79043,0.79294,100.0
1705836600,0.79456,0.79653,0.79268,0.79311,497.0
1705838400,0.79348,0.79927,0.79326,0.79892,100.0
1705840200,0.79968,0.79974,0.79273,0.79299,624.0
1705842000,0.79309,0.7931,0.78981,0.79009,100.0
1705843800,0.79183,0.7977,0.79103,0.79741,100.0
1705845600,0.79758,0.80603,0.79749,0.80596,100.0
1705847400,0.80525,0.80525,0.80176,0.80176,100.0
1705849200,0.80107,0.80203,0.801,0.80197,317.0
1705851000,0.80116,0.81052,0.7998,0.80783,100.0
1705852800,0.80822,0.82172,0.8082,0.82172,104.0
1705854600,0.82157,0.82207,0.81715,0.81763,180.0
1705856400,0.81685,0.83263,0.81663,0.83243,100.0
1705858200,0.8326,0.83262,0.8274,0.82741,269.0
1705860000,0.82798,0.84428,0.82742,0.8413,185.0
1705861800,0.84156,0.8416,0.84036,0.84056,100.0
1705863600,0.83999,0.85509,0.83971,0.85497,202.0
1705865400,0.85494,0.86685,0.85271,0.86601,100.0
1705867200,0.86428,0.87036,0.86426,0.86923,100.0
1705869000,0.86904,0.86962,0.86703,0.86707,100.0
1705870800,0.86588,0.87566,0.8642,0.87288,156.0
1705872600,0.87446,0.88271,0.87038,0.87984,100.0
1705874400,0.87923,0.88915,0.87597,0.88903,151.0
1705876200,0.88919,0.90149,0.88799,0.90137,100.0
1705878000,0.90166,0.90711,0.90105,0.90631,105.0
1705879800,0.90572,0.9237,0.90302,0.91796,559.0
1705881600,0.91823,0.92335,0.91654,0.92329,100.0
1705883400,0.92491,0.94633,0.92386,0.94633,163.0
1705885200,0.9475,0.94804,0.93429,0.93451,543.0
1705887000,0.93505,0.93518,0.91912,0.9198,562.0
1705888800,0.91953,0.92731,0.91926,0.92554,162.0
1705890600,0.92687,0.93518,0.92672,0.93272,129.0
1705892400,0.93432,0.93507,0.91922,0.92151,746.0
1705894200,0.92183,0.93752,0.92146,0.93728,339.0
1705896000,0.93709,0.95045,0.93708,0.9504,108.0
1705897800,0.95138,0.95684,0.93315,0.9397,117.0
1705899600,0.94071,0.94539,0.93454,0.94142,100.0
1705901400,0.94058,0.95734,0.94027,0.95608,100.0
1705903200,0.95555,0.95646,0.952,0.95462,101.0
1705905000,0.9548,0.95738,0.95163,0.95596,268.0
1705906800,0.95511,0.95549,0.95467,0.95498,100.0
1705908600,0.95597,0.96564,0.95321,0.96314,100.0
1705910400,0.9643,0.9649,0.95782,0.95908,161.0
1705912200,0.96013,0.96022,0.95464,0.95478,100.0
1705914000,0.95304,0.96895,0.95291,0.96865,100.0
1705915800,0.96868,0.98178,0.96815,0.98171,119.0
1705917600,0.98164,0.98192,0.98018,0.98027,100.0
1705919400,0.98074,0.98211,0.97813,0.97937,248.0
1705921200,0.97966,0.99418,0.97939,0.99237,523.0
1705923000,0.99229,1.00546,0.99171,1.00529,234.0
1705924800,1.00484,1.02028,1.00466,1.02012,100.0
1705926600,1.01993,1.02167,1.00207,1.00276,234.0
1705928400,1.0027,1.0027,1.00021,1.00061,249.0
1705930200,1.00108,1.00185,0.99633,0.99758,100.0
1705932000,0.99915,0.99972,0.99039,0.99596,187.0
1705933800,0.99625,0.99647,0.99409,0.99523,259.0
1705935600,0.99604,1.00347,0.99475,1.00299,1390.0
1705937400,1.00278,1.0258,1.0026,1.02361,197.0
1705939200,1.02456,1.03502,1.0242,1.03502,105.0
1705941000,1.03515,1.03843,1.03477,1.03817,431.0
1705942800,1.03937,1.04684,1.03935,1.04598,112.0
1705944600,1.04586,1.06169,1.04533,1.0592,2101.0
1705946400,1.05828,1.08696,1.05803,1.08676,335.0
1705948200,1.08902,1.09433,1.08871,1.09372,479.0
1705950000,1.09549,1.10453,1.094,1.10357,517.0
1705951800,1.10252,1.10888,1.10064,1.10749,100.0
1705953600,1.10652,1.10653,1.0986,1.0986,131.0
1705955400,1.09767,1.09949,1.08712,1.08875,639.0
1705957200,1.08875,1.08985,1.08758,1.08765,196.0
1705959000,1.0876,1.08835,1.07053,1.07145,447.0
1705960800,1.07176,1.07507,1.0662,1.07302,258.0
1705962600,1.0725,1.07496,1.07033,1.07067,966.0
1705964400,1.07094,1.07107,1.06597,1.0661,457.0
1705966200,1.06576,1.07085,1.0657,1.06964,181.0
1705968000,1.06972,1.07311,1.04871,1.04941,100.0
1705969800,1.05019,1.05196,1.04551,1.0488,123.0
1705971600,1.04904,1.04923,1.03799,1.03812,100.0
1705973400,1.03841,1.04484,1.03007,1.03306,103.0
1705975200,1.03262,1.0332,1.02928,1.02961,123.0
1705977000,1.0291,1.02918,1.02606,1.02616,294.0
1705978800,1.02731,1.03608,1.0265,1.03569,1064.0
1705980600,1.03424,1.03433,1.01442,1.01497,460.0
1705982400,1.01507,1.02082,1.01233,1.01993,397.0
1705984200,1.02088,1.02122,1.02046,1.02117,100.0
1705986000,1.02082,1.02211,1.01291,1.01299,117.0
1705987800,1.01373,1.03545,1.01322,1.02743,100.0
1705989600,1.02617,1.04239,1.02391,1.03736,116.0
1705991400,1.03692,1.04188,1.03475,1.03825,100.0
1705993200,1.03661,1.04747,1.03631,1.04381,214.0
1705995000,1.04513,1.04822,1.04377,1.04813,269.0
1705996800,1.04924,1.07229,1.04899,1.07168,100.0
1705998600,1.07029,1.07619,1.06724,1.07459,362.0
1706000400,1.07522,1.10076,1.07124,1.08841,100.0
1706002200,1.08741,1.10415,1.08469,1.10222,800.0
1706004000,1.10332,1.12124,1.10251,1.1197,524.0
1706005800,1.12095,1.12383,1.10279,1.10638,100.0
1706007600,1.10672,1.1095,1.10444,1.10666,219.0
1706009400,1.10818,1.11173,1.1081,1.11167,100.0
1706011200,1.10975,1.12085,1.10416,1.12066,207.0
1706013000,1.12168,1.13764,1.12164,1.13759,100.0
1706014800,1.13756,1.15466,1.13536,1.1525,100.0
1706016600,1.15386,1.15684,1.15265,1.15299,240.0
1706018400,1.15242,1.15394,1.15026,1.15364,100.0
1706020200,1.15523,1.15527,1.14533,1.14536,230.0
1706022000,1.14702,1.15961,1.14484,1.15553,100.0
1706023800,1.15482,1.15484,1.15374,1.1547,100.0
1706025600,1.15325,1.16216,1.15241,1.15962,269.0
1706027400,1.16254,1.16508,1.14187,1.1432,1271.0
1706029200,1.14394,1.14423,1.13303,1.13997,383.0
1706031000,1.13866,1.14912,1.13766,1.14578,379.0
1706032800,1.14428,1.14809,1.13642,1.13884,234.0
1706034600,1.14088,1.14166,1.1362,1.13631,100.0
1706036400,1.13631,1.13643,1.12314,1.12337,462.0
1706038200,1.12461,1.14254,1.1241,1.1422,342.0
1706040000,1.14355,1.14481,1.12722,1.12859,145.0
1706041800,1.12883,1.14509,1.12747,1.14393,100.0
1706043600,1.14189,1.1464,1.14044,1.14601,226.0
1706045400,1.14546,1.146,1.13456,1.13715,189.0
1706047200,1.13779,1.13868,1.11761,1.1189,100.0
1706049000,1.11799,1.11809,1.11096,1.11121,100.0
1706050800,1.11096,1.11223,1.11079,1.11218,100.0
1706052600,1.11337,1.14215,1.10665,1.14115,100.0
1706054400,1.14143,1.14158,1.13632,1.13649,588.0
1706056200,1.13616,1.13627,1.12398,1.1243,694.0
1706058000,1.12347,1.13895,1.12259,1.13894,132.0
1706059800,1.13822,1.13851,1.13386,1.13397,233.0
1706061600,1.13374,1.13389,1.12602,1.12669,125.0
1706063400,1.1261,1.12843,1.12248,1.12655,100.0
1706065200,1.12505,1.12578,1.11656,1.11901,348.0
1706067000,1.1205,1.1208,1.09559,1.10022,199.0
1706068800,1.10001,1.10233,1.08348,1.08372,308.0
1706070600,1.08458,1.08465,1.07576,1.07588,100.0
1706072400,1.07744,1.07772,1.07457,1.07474,237.0
1706074200,1.0762,1.07632,1.07492,1.07502,387.0
1706076000,1.0754,1.07738,1.07517,1.07733,157.0
1706077800,1.07658,1.08116,1.07532,1.08062,204.0
1706079600,1.08101,1.09342,1.07737,1.09279,100.0
1706081400,1.09468,1.09702,1.07038,1.07107,262.0
1706083200,1.07076,1.08156,1.06283,1.07928,268.0
1706085000,1.07956,1.08143,1.07309,1.07465,100.0
1706086800,1.07509,1.0753,1.06742,1.06742,1739.0
1706088600,1.06821,1.07938,1.0677,1.07928,100.0
1706090400,1.07815,1.07885,1.07799,1.07863,100.0
1706092200,1.08025,1.08809,1.0737,1.08804,101.0
1706094000,1.08781,1.08798,1.08527,1.08533,393.0
1706095800,1.08522,1.08584,1.07784,1.0842,240.0
1706097600,1.08385,1.09302,1.08221,1.09216,100.0
1706099400,1.09005,1.092,1.07456,1.07712,100.0
1706101200,1.07639,1.07678,1.06736,1.0688,321.0
1706103000,1.06881,1.08661,1.0687,1.08642,100.0
1706104800,1.08584,1.08623,1.07191,1.07204,100.0
1706106600,1.0729,1.07321,1.04955,1.05097,299.0
1706108400,1.05163,1.05203,1.03449,1.03457,743.0
1706110200,1.03466,1.0371,1.03188,1.03617,100.0
1706112000,1.03638,1.04619,1.03603,1.04553,815.0
1706113800,1.0466,1.0468,1.03798,1.03804,100.0
1706115600,1.0381,1.03818,1.02154,1.02229,120.0
1706117400,1.02092,1.02101,1.00498,1.00564,1182.0
1706119200,1.00489,1.00964,0.99894,1.00711,100.0
1706121000,1.00748,1.01057,0.99656,0.9968,264.0
1706122800,0.99553,0.99683,0.99059,0.99166,196.0
1706124600,0.99164,1.00301,0.99098,0.99859,160.0
1706126400,0.99992,1.02448,0.99902,1.02396,232.0
1706128200,1.02389,1.03402,1.02337,1.03276,100.0
1706130000,1.03223,1.04453,1.03155,1.04361,325.0
1706131800,1.04464,1.06329,1.04386,1.06201,307.0
1706133600,1.06144,1.06449,1.05529,1.05554,146.0
1706135400,1.05376,1.05562,1.04141,1.04635,147.0
1706137200,1.04554,1.05059,1.0452,1.05047,117.0
1706139000,1.0505,1.05558,1.05024,1.05556,366.0
1706140800,1.05436,1.05904,1.05435,1.05903,262.0
1706142600,1.05898,1.07475,1.05872,1.07452,196.0
1706144400,1.07303,1.08313,1.06971,1.08237,100.0
1706146200,1.08103,1.08414,1.08006,1.08377,328.0
1706148000,1.08338,1.0835,1.069,1.06919,100.0
1706149800,1.06885,1.06951,1.06569,1.06586,100.0
1706151600,1.06589,1.06619,1.05812,1.05826,100.0
1706153400,1.05902,1.05979,1.03632,1.0413,100.0
1706155200,1.04035,1.05453,1.04032,1.05433,105.0
1706157000,1.05305,1.06279,1.05294,1.06273,100.0
1706158800,1.06178,1.062,1.05797,1.05933,1712.0
1706160600,1.05858,1.06066,1.05647,1.06036,138.0
1706162400,1.061,1.07934,1.05991,1.07874,146.0
1706164200,1.07847,1.07863,1.07261,1.07291,110.0
1706166000,1.07189,1.07251,1.06259,1.06336,232.0
1706167800,1.06323,1.06324,1.05592,1.05597,165.0
1706169600,1.05491,1.05692,1.04802,1.05691,100.0
1706171400,1.05846,1.06729,1.05468,1.0648,100.0
1706173200,1.06511,1.06512,1.06048,1.06059,429.0
1706175000,1.06035,1.06395,1.05974,1.0636,221.0
1706176800,1.06432,1.08048,1.06295,1.07872,122.0
1706178600,1.07879,1.08714,1.07775,1.0868,100.0
1706180400,1.08633,1.09162,1.05774,1.05862,358.0
1706182200,1.0576,1.05774,1.04201,1.04204,164.0
1706184000,1.04154,1.04505,1.04035,1.04472,100.0
1706185800,1.04387,1.04678,1.04383,1.04641,191.0
1706187600,1.04547,1.04628,1.03254,1.03307,188.0
1706189400,1.03206,1.04274,1.03191,1.0426,100.0
1706191200,1.04201,1.04273,1.02296,1.024,101.0
1706193000,1.0227,1.02984,1.0224,1.02645,129.0
1706194800,1.02752,1.03935,1.02739,1.03794,100.0
1706196600,1.03703,1.03763,1.02782,1.0279,100.0
1706198400,1.02816,1.02819,1.02742,1.02768,130.0
1706200200,1.02722,1.02854,0.99953,1.00169,242.0
1706202000,1.00191,1.0021,0.99674,0.99707,192.0
1706203800,0.99548,1.00105,0.99536,1.00095,265.0
1706205600,1.00005,1.00013,0.99859,0.9988,100.0
1706207400,0.99798,0.9994,0.99777,0.99939,1034.0
1706209200,0.9992,0.99929,0.99532,0.99533,380.0
1706211000,0.99574,0.99962,0.99366,0.99392,100.0
1706212800,0.99345,0.99421,0.98737,0.9874,105.0
1706214600,0.98657,0.98688,0.98247,0.98259,100.0
1706216400,0.98213,0.99404,0.98211,0.99402,143.0
1706218200,0.99639,0.99725,0.98463,0.98612,1014.0
1706220000,0.98777,1.00651,0.98723,1.00532,230.0
1706221800,1.00565,1.0238,1.00535,1.02349,100.0
1706223600,1.02213,1.02286,1.01875,1.02127,119.0
1706225400,1.02263,1.02467,1.01262,1.01421,100.0
1706227200,1.01378,1.01379,1.01119,1.01204,100.0
1706229000,1.01181,1.01244,1.00398,1.00461,196.0
1706230800,1.00596,1.00677,1.00562,1.00567,134.0
1706232600,1.00514,1.00642,0.98857,0.98924,100.0
1706234400,0.98895,1.00817,0.98835,1.00789,100.0
1706236200,1.00726,1.00755,1.00494,1.00591,100.0
1706238000,1.00645,1.02138,1.00457,1.01986,111.0
1706239800,1.02235,1.02243,1.0047,1.006,294.0
1706241600,1.00676,1.01517,1.00331,1.01353,158.0
1706243400,1.01258,1.0209,1.01145,1.02065,145.0
1706245200,1.0217,1.02176,1.01139,1.01149,122.0
1706247000,1.01213,1.01478,1.01154,1.01475,245.0
1706248800,1.01615,1.02957,1.01583,1.02781,100.0
1706250600,1.02872,1.05482,1.01981,1.0541,238.0
1706252400,1.05284,1.05294,1.05077,1.05135,100.0
1706254200,1.05087,1.05567,1.05071,1.05496,435.0
1706256000,1.05433,1.06221,1.05425,1.06204,214.0
1706257800,1.06204,1.08203,1.06193,1.08098,233.0
1706259600,1.08085,1.08368,1.07719,1.07818,100.0
1706261400,1.07724,1.07792,1.07183,1.07731,100.0
1706263200,1.07647,1.07684,1.07376,1.07399,182.0
1706265000,1.07453,1.07558,1.06032,1.06356,100.0
1706266800,1.06383,1.06936,1.05665,1.058,208.0
1706268600,1.05915,1.07357,1.0587,1.07278,567.0
1706270400,1.07193,1.07382,1.06571,1.06665,272.0
1706272200,1.06588,1.0709,1.06274,1.06948,184.0
1706274000,1.06781,1.07669,1.06688,1.07614,100.0
1706275800,1.07838,1.09161,1.07805,1.09024,230.0
1706277600,1.08975,1.10927,1.08939,1.10796,625.0
1706279400,1.10736,1.10746,1.08326,1.08341,100.0
1706281200,1.08457,1.10204,1.08359,1.10049,100.0
1706283000,1.10078,1.10988,1.09848,1.10881,296.0
1706284800,1.10871,1.12467,1.10541,1.12387,467.0
1706286600,1.12449,1.13414,1.1231,1.13405,975.0
1706288400,1.13494,1.13513,1.13493,1.13512,139.0
1706290200,1.1321,1.13963,1.13174,1.13868,697.0
1706292000,1.13831,1.1483,1.12119,1.1312,100.0
1706293800,1.13056,1.13067,1.12587,1.12592,271.0
1706295600,1.1268,1.1275,1.12592,1.12711,268.0
1706297400,1.12652,1.12657,1.10832,1.10889,100.0
1706299200,1.10811,1.11706,1.10776,1.11693,100.0
1706301000,1.117,1.13177,1.11682,1.12656,100.0
1706302800,1.12788,1.12981,1.12582,1.12941,657.0
1706304600,1.13172,1.132,1.12807,1.12807,100.0
1706306400,1.12711,1.13479,1.12675,1.1347,100.0
1706308200,1.1342,1.13542,1.10945,1.11059,100.0
1706310000,1.10981,1.11015,1.10823,1.10884,403.0
1706311800,1.10824,1.10967,1.09164,1.09335,100.0
1706313600,1.09207,1.09213,1.08944,1.08953,648.0
1706315400,1.09064,1.10308,1.08973,1.10269,100.0
1706317200,1.10129,1.1159,1.09909,1.11505,217.0
1706319000,1.11518,1.11534,1.10393,1.10416,100.0
1706320800,1.10382,1.10424,1.09699,1.09724,564.0
1706322600,1.09747,1.10106,1.09719,1.10022,244.0
1706324400,1.10135,1.10185,1.09257,1.09258,476.0
1706326200,1.09407,1.09469,1.07542,1.09001,252.0
1706328000,1.09023,1.09103,1.08356,1.08395,100.0
1706329800,1.08436,1.09174,1.08114,1.08769,100.0
1706331600,1.08898,1.0896,1.07712,1.07819,100.0
1706333400,1.07897,1.08038,1.07529,1.07546,444.0
1706335200,1.07697,1.0812,1.07628,1.07769,173.0
1706337000,1.07715,1.08896,1.07546,1.08875,100.0
1706338800,1.09016,1.09032,1.08554,1.08578,122.0
1706340600,1.0855,1.08711,1.0849,1.08682,271.0
1706342400,1.08667,1.08686,1.06473,1.06511,100.0
1706344200,1.0645,1.06663,1.05525,1.05574,220.0
1706346000,1.05632,1.05664,1.0514,1.05155,339.0
1706347800,1.05145,1.05167,1.03974,1.03983,142.0
1706349600,1.0391,1.04033,1.02429,1.02445,100.0
1706351400,1.02366,1.02377,1.02059,1.0206,146.0
1706353200,1.02185,1.02518,1.02153,1.02433,106.0
1706355000,1.02374,1.02992,1.02307,1.02943,226.0
1706356800,1.02946,1.05065,1.02779,1.05032,100.0
1706358600,1.05124,1.05994,1.05077,1.0591,100.0
1706360400,1.05747,1.06822,1.0572,1.06808,211.0
1706362200,1.06826,1.07163,1.05776,1.05998,340.0
1706364000,1.06112,1.06155,1.03268,1.03297,149.0
1706365800,1.03316,1.0334,1.02408,1.02585,100.0
1706367600,1.0246,1.02539,1.02413,1.02527,109.0
1706369400,1.02502,1.03585,1.02502,1.03585,460.0
1706371200,1.03464,1.03486,1.02926,1.03262,158.0
1706373000,1.03124,1.0414,1.03044,1.04059,266.0
1706374800,1.03898,1.041,1.0388,1.03991,208.0
1706376600,1.03862,1.05397,1.02792,1.04763,241.0
1706378400,1.04599,1.04951,1.04234,1.04241,124.0
1706380200,1.04246,1.04422,1.01879,1.02131,100.0
1706382000,1.02169,1.02186,1.00444,1.00457,100.0
1706383800,1.00394,1.03313,1.00311,1.03105,100.0
1706385600,1.03138,1.05201,1.02989,1.05148,114.0
1706387400,1.05249,1.06147,1.0517,1.06123,100.0
1706389200,1.06079,1.08167,1.05789,1.0815,100.0
1706391000,1.08202,1.09921,1.078,1.09515,100.0
1706392800,1.09522,1.0958,1.09486,1.09492,100.0
1706394600,1.09524,1.10125,1.09517,1.10118,100.0
1706396400,1.1014,1.10948,1.10136,1.10911,209.0
1706398200,1.10892,1.12416,1.10639,1.12291,100.0
1706400000,1.12481,1.12749,1.11722,1.11887,100.0
1706401800,1.11982,1.11987,1.11445,1.11448,100.0
1706403600,1.11606,1.11607,1.11455,1.1148,100.0
1706405400,1.11449,1.1147,1.10801,1.11262,1082.0
1706407200,1.11258,1.11456,1.10923,1.10944,192.0
1706409000,1.11,1.11458,1.10631,1.10721,150.0
1706410800,1.10641,1.10705,1.10501,1.10698,299.0
1706412600,1.10759,1.10842,1.10056,1.10119,433.0
1706414400,1.10163,1.10844,1.10162,1.10844,921.0
1706416200,1.11058,1.11395,1.07611,1.07986,100.0
1706418000,1.07905,1.0866,1.07905,1.08623,169.0
1706419800,1.08617,1.08959,1.08602,1.08945,545.0
1706421600,1.09073,1.09907,1.09068,1.09904,100.0
1706423400,1.09964,1.10281,1.09913,1.09924,216.0
1706425200,1.09806,1.11242,1.09715,1.10886,200.0
1706427000,1.10885,1.11694,1.10603,1.11631,100.0
1706428800,1.11695,1.11725,1.1031,1.10312,198.0
1706430600,1.10107,1.1021,1.09442,1.09933,147.0
1706432400,1.09928,1.1214,1.09752,1.1213,241.0
1706434200,1.12124,1.12715,1.12032,1.12566,137.0
1706436000,1.1229,1.13382,1.12153,1.13277,105.0
1706437800,1.133,1.13342,1.11409,1.11442,102.0
1706439600,1.11513,1.12014,1.09474,1.1076,100.0
1706441400,1.10712,1.10731,1.10101,1.10102,151.0
1706443200,1.09882,1.09913,1.09877,1.09885,330.0
1706445000,1.09896,1.12345,1.09712,1.12241,100.0
1706446800,1.12423,1.12446,1.11708,1.11781,953.0
1706448600,1.11626,1.11642,1.10784,1.10786,249.0
1706450400,1.10857,1.11599,1.10825,1.11166,199.0
1706452200,1.11186,1.12073,1.10246,1.11385,274.0
1706454000,1.1122,1.11416,1.11179,1.11193,100.0
1706455800,1.11154,1.1121,1.10103,1.10417,409.0
1706457600,1.10278,1.10408,1.09913,1.09947,227.0
1706459400,1.10017,1.11984,1.10007,1.1189,269.0
1706461200,1.11608,1.12301,1.11588,1.12182,100.0
1706463000,1.12362,1.12493,1.10272,1.10465,425.0
1706464800,1.10553,1.11478,1.1055,1.11327,271.0
1706466600,1.11348,1.11811,1.10508,1.10779,100.0
1706468400,1.10721,1.11246,1.08818,1.08968,100.0
1706470200,1.08889,1.09144,1.07397,1.07995,169.0
1706472000,1.08187,1.08197,1.07272,1.07305,100.0
1706473800,1.07387,1.07584,1.07323,1.07575,100.0
1706475600,1.07299,1.07383,1.04795,1.04958,100.0
1706477400,1.04995,1.05568,1.04292,1.05424,2297.0
1706479200,1.05393,1.05697,1.02906,1.02918,376.0
1706481000,1.02848,1.03097,1.01198,1.0149,138.0
1706482800,1.01527,1.01532,1.00823,1.0084,100.0
1706484600,1.00733,1.00776,0.99979,1.00446,223.0
1706486400,1.00369,1.00375,0.98512,0.98517,100.0
1706488200,0.98562,0.9861,0.9809,0.98115,224.0
1706490000,0.98075,0.98238,0.9733,0.97569,392.0
1706491800,0.97444,0.97552,0.9644,0.96476,100.0
1706493600,0.96421,0.96423,0.95655,0.95684,180.0
1706495400,0.95784,0.95803,0.94887,0.95194,914.0
1706497200,0.95172,0.95607,0.95007,0.95542,100.0
1706499000,0.95574,0.95594,0.93978,0.94074,139.0
1706500800,0.9388,0.94038,0.93547,0.93609,100.0
1706502600,0.93726,0.93728,0.92368,0.92473,222.0
1706504400,0.92441,0.92448,0.91327,0.91369,181.0
1706506200,0.91365,0.91651,0.90883,0.90955,268.0
1706508000,0.91004,0.91424,0.89993,0.90007,484.0
1706509800,0.89883,0.90002,0.88896,0.89031,291.0
1706511600,0.89092,0.89142,0.86786,0.87198,100.0
1706513400,0.87237,0.88008,0.8664,0.88003,100.0
1706515200,0.88148,0.89253,0.88134,0.89228,100.0
1706517000,0.89222,0.89229,0.88508,0.8852,219.0
1706518800,0.88487,0.88504,0.87355,0.87502,432.0
1706520600,0.8741,0.87765,0.86606,0.87293,209.0
1706522400,0.87289,0.87589,0.8725,0.87578,197.0
1706524200,0.87601,0.87628,0.86522,0.86599,773.0
1706526000,0.86506,0.87368,0.86488,0.87353,685.0
1706527800,0.87294,0.87646,0.87233,0.87641,500.0
1706529600,0.87589,0.8864,0.87557,0.88612,100.0
1706531400,0.88611,0.89346,0.87905,0.88237,100.0
1706533200,0.88337,0.88837,0.88321,0.88797,183.0
1706535000,0.88831,0.88843,0.87318,0.87422,146.0
1706536800,0.87451,0.87507,0.86678,0.86899,108.0
1706538600,0.86871,0.86872,0.86325,0.86325,100.0
1706540400,0.86376,0.86549,0.85758,0.86014,349.0
1706542200,0.86143,0.86648,0.86003,0.86576,100.0
1706544000,0.8653,0.86604,0.85356,0.85395,629.0
1706545800,0.85549,0.85626,0.84445,0.84464,125.0
1706547600,0.84428,0.84453,0.83004,0.83558,128.0
1706549400,0.8364,0.8375,0.83142,0.83152,215.0
1706551200,0.83268,0.83874,0.83171,0.83853,241.0
1706553000,0.83889,0.84175,0.83827,0.84153,100.0
1706554800,0.84162,0.85791,0.84162,0.85766,100.0
1706556600,0.85972,0.86167,0.85045,0.8514,961.0
1706558400,0.85184,0.85761,0.85163,0.85756,630.0
1706560200,0.8575,0.85786,0.85216,0.85249,100.0
1706562000,0.85205,0.85352,0.84622,0.84673,177.0
1706563800,0.84525,0.84556,0.83936,0.84011,107.0
1706565600,0.84079,0.84115,0.82183,0.82192,244.0
1706567400,0.82165,0.82186,0.81514,0.81628,117.0
1706569200,0.81631,0.81641,0.80933,0.80961,246.0
1706571000,0.81045,0.81755,0.80965,0.81747,509.0
1706572800,0.81762,0.82026,0.81049,0.81161,100.0
1706574600,0.81116,0.82341,0.81079,0.82259,102.0
1706576400,0.82236,0.82837,0.82051,0.82432,106.0
1706578200,0.82418,0.83907,0.8216,0.83745,170.0
1706580000,0.83724,0.83743,0.8352,0.83555,100.0
1706581800,0.83509,0.83657,0.83508,0.83598,151.0
1706583600,0.83614,0.83681,0.81316,0.81564,393.0
1706585400,0.81446,0.8211,0.81246,0.82093,423.0
1706587200,0.82105,0.8241,0.81225,0.82214,161.0
1706589000,0.82097,0.82111,0.81487,0.81595,155.0
1706590800,0.81624,0.81629,0.80548,0.80552,423.0
1706592600,0.80525,0.81842,0.80499,0.81813,502.0
1706594400,0.81769,0.82994,0.81749,0.82985,100.0
1706596200,0.82918,0.83365,0.82808,0.83136,100.0
1706598000,0.82969,0.83003,0.82878,0.82923,100.0
1706599800,0.83041,0.8306,0.82945,0.83014,184.0
1706601600,0.82921,0.83032,0.82298,0.82318,472.0
1706603400,0.82418,0.82694,0.8239,0.8266,1013.0
1706605200,0.82761,0.82767,0.82628,0.8275,104.0
1706607000,0.82638,0.82737,0.82393,0.82441,352.0
1706608800,0.82346,0.83183,0.8233,0.83153,960.0
1706610600,0.83082,0.83133,0.82909,0.82914,100.0
1706612400,0.8287,0.83267,0.82623,0.83201,100.0
1706614200,0.83125,0.83562,0.83045,0.83549,146.0
1706616000,0.83452,0.83491,0.8305,0.83058,100.0
1706617800,0.8306,0.8313,0.82215,0.82392,526.0
1706619600,0.82484,0.82487,0.80761,0.80774,279.0
1706621400,0.80678,0.8116,0.8067,0.81088,277.0
1706623200,0.81107,0.81203,0.80536,0.80644,102.0
1706625000,0.80607,0.81213,0.80596,0.81176,100.0
1706626800,0.81203,0.81448,0.81184,0.81254,100.0
1706628600,0.81028,0.81534,0.80638,0.81275,262.0
1706630400,0.81266,0.81358,0.8111,0.81122,266.0
1706632200,0.81107,0.82278,0.81102,0.82221,100.0
1706634000,0.82114,0.82204,0.81514,0.8153,231.0
1706635800,0.81507,0.81669,0.8149,0.81603,190.0
1706637600,0.81613,0.81615,0.80837,0.80837,117.0
1706639400,0.80805,0.80839,0.80521,0.80527,100.0
1706641200,0.80443,0.80564,0.80408,0.80525,1536.0
1706643000,0.805,0.80632,0.80102,0.80168,178.0
1706644800,0.80225,0.80521,0.80007,0.80517,116.0
1706646600,0.80541,0.82289,0.80486,0.8202,117.0
1706648400,0.82061,0.82079,0.81939,0.82019,231.0
1706650200,0.82057,0.84122,0.8204,0.84097,100.0
1706652000,0.84144,0.86098,0.84141,0.86063,162.0
1706653800,0.85949,0.87353,0.85739,0.87125,132.0
1706655600,0.87066,0.87871,0.86771,0.87796,210.0
1706657400,0.87769,0.87796,0.87108,0.87236,574.0
1706659200,0.87123,0.87975,0.87115,0.87899,100.0
1706661000,0.87846,0.88014,0.8733,0.87603,216.0
1706662800,0.87505,0.87667,0.87126,0.87133,269.0
1706664600,0.87074,0.89323,0.86933,0.89271,100.0
1706666400,0.89214,0.89879,0.89205,0.89833,100.0
1706668200,0.8991,0.89919,0.88824,0.88862,139.0
1706670000,0.88893,0.89722,0.88673,0.89554,110.0
1706671800,0.89659,0.90684,0.89429,0.90612,100.0
1706673600,0.90597,0.91193,0.90555,0.90997,342.0
1706675400,0.90971,0.91573,0.90943,0.91548,100.0
1706677200,0.91529,0.92125,0.91395,0.92048,100.0
1706679000,0.91895,0.91936,0.90417,0.90424,225.0
1706680800,0.90471,0.9064,0.90081,0.90147,242.0
1706682600,0.90167,0.9037,0.89697,0.89706,117.0
1706684400,0.89609,0.89616,0.87985,0.87995,158.0
1706686200,0.87783,0.88543,0.87726,0.88514,146.0
1706688000,0.88353,0.88479,0.88032,0.88037,699.0
1706689800,0.87967,0.88011,0.87903,0.87977,100.0
1706691600,0.87971,0.89521,0.8775,0.89431,193.0
1706693400,0.89549,0.90421,0.89543,0.9042,309.0
1706695200,0.9045,0.90656,0.9045,0.90651,373.0
1706697000,0.90763,0.90973,0.89943,0.90042,125.0
1706698800,0.90116,0.90882,0.90113,0.90814,100.0
1706700600,0.90643,0.90678,0.90485,0.90649,100.0
1706702400,0.90637,0.91537,0.90553,0.91458,100.0
1706704200,0.91439,0.91546,0.90905,0.90965,433.0
1706706000,0.9095,0.91749,0.90949,0.91734,149.0
1706707800,0.91743,0.92146,0.91655,0.92143,110.0
1706709600,0.92173,0.92176,0.91617,0.91622,100.0
1706711400,0.91653,0.92373,0.91648,0.92274,173.0
1706713200,0.92167,0.92743,0.91904,0.92726,100.0
1706715000,0.92597,0.92609,0.91822,0.91829,200.0
1706716800,0.91906,0.92269,0.91879,0.92216,100.0
1706718600,0.92239,0.93309,0.9209,0.93189,279.0
1706720400,0.93228,0.94431,0.93187,0.94398,442.0
1706722200,0.94551,0.94573,0.9386,0.93869,145.0
1706724000,0.93871,0.94078,0.93862,0.94076,245.0
1706725800,0.94066,0.94447,0.93071,0.93288,100.0
1706727600,0.93197,0.93743,0.93133,0.93549,262.0
1706729400,0.9364,0.93646,0.93363,0.93411,434.0
1706731200,0.93418,0.93613,0.93313,0.93551,100.0
1706733000,0.93594,0.93621,0.93531,0.93609,709.0
1706734800,0.93543,0.94799,0.93523,0.94784,100.0
1706736600,0.94929,0.96402,0.94798,0.96388,100.0
1706738400,0.96363,0.97852,0.9627,0.97682,100.0
1706740200,0.9763,0.97637,0.96721,0.96743,100.0
1706742000,0.96872,0.96992,0.96813,0.96827,100.0
1706743800,0.96832,0.96869,0.96677,0.96739,251.0
1706745600,0.96852,0.97226,0.96686,0.9719,377.0
1706747400,0.97302,0.97458,0.9551,0.95797,100.0
1706749200,0.95894,0.95946,0.95811,0.95885,100.0
1706751000,0.95687,0.95719,0.95043,0.95134,705.0
1706752800,0.95078,0.95168,0.94175,0.94179,330.0
1706754600,0.94308,0.94408,0.93874,0.93892,130.0
1706756400,0.93768,0.93776,0.9087,0.90934,119.0
1706758200,0.90883,0.9093,0.90439,0.90499,374.0
1706760000,0.90432,0.9049,0.89847,0.89892,136.0
1706761800,0.89747,0.91437,0.89613,0.91408,119.0
1706763600,0.91354,0.93699,0.91254,0.93694,175.0
1706765400,0.93529,0.9356,0.93487,0.93523,309.0
1706767200,0.93584,0.94103,0.92534,0.92727,250.0
1706769000,0.92897,0.93268,0.92896,0.9309,396.0
1706770800,0.92941,0.93265,0.92718,0.93216,100.0
1706772600,0.93422,0.93429,0.93104,0.93253,100.0
1706774400,0.9317,0.93293,0.92979,0.93233,100.0
1706776200,0.93266,0.9511,0.93185,0.95105,100.0
1706778000,0.95186,0.95328,0.93038,0.93054,153.0
1706779800,0.93185,0.93303,0.9249,0.92504,100.0
1706781600,0.92601,0.92876,0.92557,0.92862,194.0
1706783400,0.92867,0.9293,0.92271,0.92274,123.0
1706785200,0.9226,0.94011,0.91529,0.93555,133.0
1706787000,0.93403,0.93418,0.925,0.925,100.0
1706788800,0.92375,0.94278,0.92296,0.94198,400.0
1706790600,0.94189,0.94362,0.93301,0.93853,100.0
1706792400,0.93914,0.93918,0.92155,0.92181,100.0
1706794200,0.92222,0.92354,0.91415,0.91645,148.0
1706796000,0.9172,0.91744,0.89739,0.89746,100.0
1706797800,0.89765,0.8984,0.88665,0.88675,386.0
1706799600,0.88595,0.88657,0.87478,0.87541,100.0
1706801400,0.87512,0.87658,0.874,0.87635,130.0
1706803200,0.87746,0.87791,0.85466,0.85546,196.0
1706805000,0.85518,0.85528,0.84754,0.84787,100.0
1706806800,0.84846,0.85036,0.84075,0.84195,190.0
1706808600,0.84179,0.84204,0.83161,0.8318,100.0
1706810400,0.83085,0.84142,0.83084,0.84122,716.0
1706812200,0.84104,0.84236,0.82804,0.83122,100.0
1706814000,0.83124,0.84176,0.82887,0.84001,239.0
1706815800,0.8394,0.84015,0.83865,0.84005,272.0
1706817600,0.8421,0.84416,0.83918,0.84074,486.0
1706819400,0.84139,0.84141,0.83909,0.83918,315.0
1706821200,0.83816,0.83831,0.83598,0.83705,273.0
1706823000,0.83726,0.8377,0.83395,0.834,230.0
1706824800,0.8349,0.83563,0.8316,0.83327,3069.0
1706826600,0.83251,0.83364,0.83168,0.83262,195.0
1706828400,0.8322,0.83225,0.824,0.82448,112.0
1706830200,0.82418,0.82737,0.82184,0.82682,100.0
1706832000,0.82707,0.8297,0.82109,0.82164,230.0
1706833800,0.82261,0.83172,0.82212,0.83157,321.0
1706835600,0.8307,0.83713,0.83049,0.83686,100.0
1706837400,0.83576,0.84097,0.83438,0.83877,586.0
1706839200,0.83851,0.83973,0.82094,0.82183,185.0
1706841000,0.82321,0.82327,0.81648,0.81749,163.0
1706842800,0.81839,0.82535,0.81814,0.82522,679.0
1706844600,0.82547,0.83037,0.82451,0.82678,127.0
1706846400,0.82831,0.84057,0.82826,0.84057,272.0
1706848200,0.84127,0.84168,0.8188,0.81933,536.0
1706850000,0.81904,0.82161,0.80493,0.80513,300.0
1706851800,0.80488,0.81202,0.80413,0.8061,204.0
1706853600,0.80649,0.80789,0.8001,0.80295,119.0
1706855400,0.80315,0.80574,0.79782,0.79881,100.0
1706857200,0.79854,0.8012,0.79789,0.7986,818.0
1706859000,0.79914,0.79934,0.78772,0.78804,100.0
1706860800,0.78792,0.78868,0.78378,0.78392,247.0
1706862600,0.78348,0.784,0.77916,0.78142,181.0
1706864400,0.7825,0.78703,0.78247,0.78699,907.0
1706866200,0.78797,0.78868,0.78236,0.78272,275.0
1706868000,0.7833,0.79018,0.78318,0.78927,143.0
1706869800,0.78894,0.79299,0.78082,0.78744,130.0
1706871600,0.78767,0.79856,0.7869,0.79854,587.0
1706873400,0.79923,0.79952,0.78715,0.78749,132.0
1706875200,0.78927,0.79172,0.78918,0.79129,100.0
1706877000,0.79295,0.79349,0.7906,0.79116,100.0
1706878800,0.79153,0.7943,0.79122,0.79338,104.0
1706880600,0.79509,0.79903,0.79139,0.79484,100.0
1706882400,0.79581,0.79898,0.7943,0.79806,760.0
1706884200,0.79812,0.79812,0.79407,0.79423,240.0
1706886000,0.79571,0.79989,0.7955,0.79965,273.0
1706887800,0.80041,0.80133,0.79645,0.79717,100.0
1706889600,0.79636,0.80466,0.79566,0.80249,568.0
1706891400,0.80372,0.80418,0.79921,0.80014,117.0
1706893200,0.80023,0.80891,0.80021,0.80804,100.0
1706895000,0.80857,0.81142,0.80844,0.81093,150.0
1706896800,0.81,0.81039,0.79952,0.79996,100.0
1706898600,0.79888,0.80013,0.7985,0.79875,127.0
1706900400,0.79903,0.79911,0.78381,0.78392,203.0
1706902200,0.7848,0.80364,0.78422,0.80039,100.0
1706904000,0.79922,0.79925,0.79095,0.79384,290.0
1706905800,0.79347,0.79578,0.77971,0.78842,100.0
1706907600,0.78956,0.79121,0.77517,0.77666,100.0
1706909400,0.77607,0.77847,0.76478,0.7649,297.0
1706911200,0.76352,0.76436,0.76029,0.76038,100.0
1706913000,0.75979,0.76136,0.7596,0.75979,350.0
1706914800,0.76007,0.77334,0.75892,0.77265,274.0
1706916600,0.7726,0.77893,0.7725,0.77892,100.0
1706918400,0.7789,0.77895,0.77187,0.77203,100.0
1706920200,0.77317,0.77333,0.76783,0.76792,250.0
1706922000,0.76831,0.77839,0.76525,0.76752,170.0
1706923800,0.76793,0.76914,0.75468,0.75536,119.0
1706925600,0.75539,0.75555,0.75094,0.75094,295.0
1706927400,0.75212,0.75299,0.73795,0.7381,100.0
1706929200,0.73865,0.73933,0.73778,0.73868,186.0
1706931000,0.73866,0.73874,0.72569,0.73046,257.0
1706932800,0.73052,0.74134,0.73018,0.74054,343.0
1706934600,0.74181,0.74336,0.73663,0.73795,3602.0
1706936400,0.73732,0.73974,0.72514,0.72675,100.0
1706938200,0.72697,0.73064,0.72695,0.72838,100.0
1706940000,0.72866,0.72879,0.72587,0.72597,100.0
1706941800,0.72731,0.73349,0.7255,0.7313,348.0
1706943600,0.73221,0.73663,0.73179,0.73598,403.0
1706945400,0.73489,0.73845,0.73394,0.73811,100.0
1706947200,0.73722,0.74325,0.7372,0.74321,111.0
1706949000,0.74381,0.74411,0.73792,0.7382,154.0
1706950800,0.73764,0.74492,0.73713,0.74453,159.0
1706952600,0.74412,0.74453,0.73721,0.73923,299.0
1706954400,0.7404,0.75473,0.7377,0.74935,774.0
1706956200,0.75036,0.7508,0.74538,0.75008,114.0
1706958000,0.75045,0.75437,0.7501,0.75432,100.0
1706959800,0.75394,0.75568,0.75058,0.75141,100.0
1706961600,0.75228,0.77201,0.75108,0.77107,145.0
1706963400,0.77127,0.77298,0.77121,0.77244,100.0
1706965200,0.77247,0.77479,0.76762,0.76798,379.0
1706967000,0.76737,0.76995,0.75523,0.7557,203.0
1706968800,0.75587,0.76029,0.75517,0.76022,100.0
1706970600,0.75927,0.76744,0.7591,0.76485,100.0
1706972400,0.76549,0.76579,0.76148,0.76148,100.0
1706974200,0.76204,0.77315,0.75994,0.76982,199.0
1706976000,0.77044,0.7897,0.76654,0.78511,114.0
1706977800,0.78553,0.79122,0.78513,0.79091,424.0
1706979600,0.79028,0.80301,0.78956,0.80287,100.0
1706981400,0.8037,0.80376,0.79585,0.79592,700.0
1706983200,0.79607,0.80264,0.79573,0.80257,211.0
1706985000,0.80206,0.80214,0.80101,0.80107,100.0
1706986800,0.80143,0.80177,0.7951,0.79531,100.0
1706988600,0.79406,0.79452,0.7926,0.79349,249.0
1706990400,0.79373,0.79411,0.79215,0.79242,100.0
1706992200,0.79305,0.79487,0.79293,0.79455,292.0
1706994000,0.79363,0.8041,0.79315,0.80276,100.0
1706995800,0.80411,0.81146,0.80407,0.81099,109.0
1706997600,0.81259,0.82272,0.8105,0.82197,138.0
1706999400,0.81912,0.82082,0.81803,0.82046,106.0
1707001200,0.82019,0.82058,0.81637,0.81645,100.0
1707003000,0.8173,0.82484,0.81726,0.82476,121.0
1707004800,0.82586,0.83826,0.82538,0.8369,442.0
1707006600,0.83696,0.83763,0.83621,0.83762,100.0
1707008400,0.83759,0.84182,0.8372,0.83922,100.0
1707010200,0.83816,0.85808,0.83796,0.85761,121.0
1707012000,0.85797,0.85876,0.85427,0.85508,182.0
1707013800,0.85571,0.85659,0.84967,0.85001,231.0
1707015600,0.8499,0.85422,0.84512,0.85403,1003.0
1707017400,0.85576,0.86105,0.85479,0.85981,393.0
1707019200,0.86044,0.87217,0.86036,0.87142,208.0
1707021000,0.87097,0.87195,0.87038,0.87097,520.0
1707022800,0.87192,0.89573,0.87077,0.894,294.0
1707024600,0.89296,0.90379,0.89017,0.90214,218.0
1707026400,0.90244,0.90424,0.8877,0.89071,100.0
1707028200,0.89041,0.90246,0.8891,0.90242,253.0
1707030000,0.90335,0.90405,0.90326,0.90397,118.0
1707031800,0.90573,0.90582,0.90358,0.9051,142.0
1707033600,0.9044,0.90779,0.90183,0.90712,516.0
1707035400,0.90578,0.91944,0.90429,0.91915,100.0
1707037200,0.91981,0.92607,0.91231,0.92291,100.0
1707039000,0.92211,0.95122,0.92165,0.95045,100.0
1707040800,0.94974,0.95019,0.94159,0.94245,1481.0
1707042600,0.94299,0.94313,0.94175,0.94246,573.0
1707044400,0.94186,0.94195,0.93379,0.93446,379.0
1707046200,0.93496,0.94716,0.93486,0.94626,478.0
1707048000,0.94843,0.94903,0.94827,0.94901,100.0
1707049800,0.94833,0.97621,0.9447,0.97243,152.0
1707051600,0.97216,0.98251,0.97178,0.98137,337.0
1707053400,0.98054,0.98568,0.97821,0.98075,407.0
1707055200,0.97985,1.00913,0.97985,1.00851,161.0
1707057000,1.00975,1.00985,1.00145,1.00195,100.0
1707058800,1.00069,1.00749,1.00057,1.00708,100.0
1707060600,1.00746,1.00752,0.98931,0.99074,100.0
1707062400,0.99198,0.99655,0.99169,0.99625,379.0
1707064200,0.99536,1.00314,0.99462,1.00284,100.0
1707066000,1.00267,1.00668,1.00183,1.00612,452.0
1707067800,1.00466,1.00921,1.00464,1.00883,100.0
1707069600,1.00817,1.0187,1.00742,1.01814,125.0
1707071400,1.01807,1.01947,1.01688,1.01866,100.0
1707073200,1.01713,1.01715,1.01612,1.01612,100.0
1707075000,1.01619,1.01635,1.00761,1.00826,136.0
1707076800,1.00744,1.00858,1.00666,1.00686,100.0
1707078600,1.00524,1.02756,1.00386,1.02615,100.0
1707080400,1.02473,1.03025,1.02461,1.03019,198.0
1707082200,1.02988,1.05081,1.02522,1.04828,342.0
1707084000,1.04807,1.05163,1.04135,1.04304,232.0
1707085800,1.04193,1.05539,1.04188,1.05521,406.0
1707087600,1.05626,1.07863,1.04987,1.07799,100.0
1707089400,1.08005,1.0808,1.07962,1.08073,100.0
1707091200,1.08024,1.08886,1.08019,1.08854,100.0
1707093000,1.09162,1.09163,1.08669,1.08706,174.0
1707094800,1.08529,1.09083,1.07759,1.08015,1461.0
1707096600,1.07997,1.08017,1.07816,1.07961,100.0
1707098400,1.07912,1.08598,1.07669,1.08585,307.0
1707100200,1.08495,1.09503,1.08484,1.09179,107.0
1707102000,1.09091,1.10652,1.09086,1.10637,176.0
1707103800,1.10631,1.10633,1.10441,1.10444,175.0
1707105600,1.10482,1.10529,1.08938,1.09147,216.0
1707107400,1.09086,1.09099,1.07347,1.07389,100.0
1707109200,1.07499,1.07515,1.06859,1.0696,116.0
1707111000,1.06965,1.06999,1.05333,1.05812,392.0
1707112800,1.05628,1.05714,1.05302,1.05498,351.0
1707114600,1.05564,1.05579,1.05292,1.05329,401.0
1707116400,1.05124,1.06964,1.05006,1.06945,100.0
1707118200,1.069,1.0695,1.06654,1.06667,100.0
1707120000,1.06816,1.07965,1.06793,1.07839,445.0
1707121800,1.07605,1.08248,1.07464,1.08225,171.0
1707123600,1.08063,1.10325,1.08039,1.10255,122.0
1707125400,1.10192,1.10892,1.10131,1.10832,163.0
1707127200,1.10822,1.11458,1.10817,1.11368,103.0
1707129000,1.11276,1.11619,1.10534,1.11049,311.0
1707130800,1.11154,1.11982,1.11103,1.11825,100.0
1707132600,1.12036,1.12081,1.10234,1.10267,100.0
1707134400,1.10376,1.11485,1.09498,1.10764,290.0
1707136200,1.10725,1.11803,1.10629,1.11768,279.0
1707138000,1.11893,1.13704,1.11867,1.13674,253.0
1707139800,1.13631,1.14017,1.13582,1.13976,100.0
1707141600,1.13765,1.14232,1.13279,1.14224,174.0
1707143400,1.14335,1.14343,1.13631,1.13635,100.0
1707145200,1.13816,1.14209,1.11247,1.11271,290.0
1707147000,1.11205,1.11442,1.10828,1.1127,100.0
1707148800,1.11102,1.11501,1.10788,1.11473,100.0
1707150600,1.11525,1.11722,1.10303,1.10376,100.0
1707152400,1.10216,1.10284,1.09081,1.09231,254.0
1707154200,1.0929,1.10712,1.09286,1.10678,133.0
1707156000,1.10525,1.10646,1.10524,1.10641,1400.0
1707157800,1.10791,1.11138,1.09403,1.0962,704.0
1707159600,1.0969,1.09753,1.08019,1.08102,230.0
1707161400,1.07982,1.08192,1.07757,1.07766,284.0
1707163200,1.07644,1.0835,1.06292,1.06485,130.0
1707165000,1.06417,1.06745,1.06237,1.06419,100.0
1707166800,1.06536,1.06619,1.05864,1.06068,100.0
1707168600,1.05878,1.07244,1.05777,1.07095,463.0
1707170400,1.07045,1.08169,1.0703,1.08166,1385.0
1707172200,1.08133,1.08285,1.0708,1.07667,235.0
1707174000,1.07606,1.07607,1.05946,1.05998,100.0
1707175800,1.05918,1.06495,1.05858,1.06488,184.0
1707177600,1.06487,1.06498,1.05486,1.05496,109.0
1707179400,1.05478,1.05598,1.05472,1.05578,135.0
1707181200,1.05692,1.05803,1.05683,1.05784,138.0
1707183000,1.0588,1.05927,1.03943,1.03958,140.0
1707184800,1.03898,1.03978,1.03328,1.03332,225.0
1707186600,1.03255,1.03919,1.03076,1.03908,100.0
1707188400,1.04121,1.04755,1.02567,1.02575,201.0
1707190200,1.02647,1.03478,1.02562,1.03399,212.0
1707192000,1.03453,1.03462,1.032,1.03262,487.0
1707193800,1.03384,1.04012,1.03326,1.04002,100.0
1707195600,1.03999,1.0468,1.01757,1.01793,102.0
1707197400,1.01885,1.01885,1.00833,1.00842,100.0
1707199200,1.01025,1.01272,1.00419,1.0066,903.0
1707201000,1.00714,1.01287,1.00685,1.01284,108.0
1707202800,1.01274,1.01517,1.00085,1.00331,352.0
1707204600,1.00362,1.0047,0.99455,0.99505,100.0
1707206400,0.99569,1.00573,0.99559,1.00556,149.0
1707208200,1.00521,1.00588,0.98932,0.98983,193.0
1707210000,0.99016,0.99038,0.98997,0.99033,310.0
1707211800,0.9893,0.98967,0.97292,0.9732,1213.0
1707213600,0.97487,0.97816,0.97486,0.97815,100.0
1707215400,0.97734,0.99524,0.97721,0.99383,100.0
1707217200,0.99376,0.99544,0.98803,0.98932,100.0
1707219000,0.98909,0.99277,0.98886,0.99254,100.0
1707220800,0.99088,0.99957,0.98877,0.99754,346.0
1707222600,0.99724,1.01311,0.99713,1.01292,100.0
1707224400,1.01248,1.01277,1.00674,1.00716,843.0
1707226200,1.00748,1.02707,1.00648,1.01834,100.0
1707228000,1.01797,1.01801,0.99672,0.99673,270.0
1707229800,0.99584,1.00624,0.99553,1.00277,172.0
1707231600,1.00292,1.01245,1.00272,1.01227,1500.0
1707233400,1.0101,1.01301,1.00825,1.01229,100.0
1707235200,1.01293,1.01296,1.00215,1.00225,1477.0
1707237000,1.00076,1.00078,0.99455,0.99457,100.0
1707238800,0.99642,0.99691,0.97317,0.97353,100.0
1707240600,0.97175,0.97191,0.95304,0.95309,100.0
1707242400,0.95414,0.95433,0.95376,0.95411,172.0
1707244200,0.9529,0.95291,0.95007,0.95007,194.0
1707246000,0.94823,0.96194,0.94775,0.96065,100.0
1707247800,0.961,0.96147,0.96061,0.96114,100.0
1707249600,0.96225,0.97441,0.96224,0.97079,100.0
1707251400,0.97063,0.97136,0.95268,0.95491,120.0
1707253200,0.95563,0.97439,0.95044,0.97416,100.0
1707255000,0.9728,0.9788,0.96064,0.96304,357.0
1707256800,0.96294,0.96323,0.95787,0.95827,100.0
1707258600,0.95627,0.96152,0.94221,0.94228,246.0
1707260400,0.94216,0.94394,0.93927,0.94376,593.0
1707262200,0.94557,0.94631,0.93486,0.93526,302.0
1707264000,0.93435,0.93885,0.93254,0.93741,187.0
1707265800,0.93631,0.93805,0.9362,0.93757,100.0
1707267600,0.93838,0.94971,0.93828,0.94969,503.0
1707269400,0.94966,0.94996,0.93468,0.93479,113.0
1707271200,0.93355,0.93426,0.92843,0.92867,100.0
1707273000,0.92697,0.94461,0.92433,0.94418,100.0
1707274800,0.94519,0.94528,0.9361,0.93617,769.0
1707276600,0.93679,0.93757,0.9247,0.92596,300.0
1707278400,0.92528,0.93495,0.92268,0.93365,194.0
1707280200,0.93237,0.93263,0.92559,0.92596,267.0
1707282000,0.92595,0.92606,0.90977,0.90983,100.0
1707283800,0.90901,0.92115,0.90743,0.92039,108.0
1707285600,0.92092,0.92098,0.91516,0.9153,100.0
1707287400,0.91408,0.91708,0.91357,0.91626,377.0
1707289200,0.91632,0.92283,0.91542,0.9214,482.0
1707291000,0.92073,0.93372,0.92061,0.93116,101.0
1707292800,0.9317,0.93331,0.93169,0.93329,100.0
1707294600,0.93517,0.93815,0.91298,0.91741,100.0
1707296400,0.91658,0.93313,0.91622,0.93293,340.0
1707298200,0.9328,0.93291,0.92393,0.92497,175.0
1707300000,0.92434,0.94567,0.92394,0.94373,333.0
1707301800,0.94362,0.94526,0.94113,0.94451,345.0
1707303600,0.94477,0.9458,0.94338,0.9457,114.0
1707305400,0.94506,0.94792,0.93722,0.93874,100.0
1707307200,0.93852,0.94044,0.9383,0.93945,465.0
1707309000,0.94077,0.94902,0.94073,0.949,100.0
1707310800,0.94982,0.95569,0.94187,0.94483,103.0
1707312600,0.94526,0.9468,0.94177,0.94223,100.0
1707314400,0.94199,0.94233,0.94103,0.94197,183.0
1707316200,0.94001,0.96079,0.94,0.95986,571.0
1707318000,0.96122,0.97167,0.96103,0.97139,100.0
1707319800,0.97219,0.9809,0.96856,0.97852,100.0
1707321600,0.9798,0.99421,0.9792,0.99221,100.0
1707323400,0.99152,0.9939,0.9867,0.99345,140.0
1707325200,0.99343,1.00068,0.99337,0.99813,138.0
1707327000,0.99743,1.0065,0.99695,1.003,572.0
1707328800,1.00414,1.00465,0.99203,0.99292,200.0
1707330600,0.99146,1.01775,0.9909,1.01762,100.0
1707332400,1.01908,1.02011,1.01301,1.01378,137.0
1707334200,1.01286,1.01287,1.00938,1.00939,103.0
1707336000,1.00817,1.01011,1.00192,1.00231,100.0
1707337800,1.00332,1.00801,0.99685,1.00296,100.0
1707339600,1.00182,1.00217,1.00146,1.00202,285.0
1707341400,1.00211,1.00495,0.99658,0.99812,100.0
1707343200,0.99846,1.00547,0.99846,1.00497,100.0
1707345000,1.00496,1.00517,0.98764,0.98781,100.0
1707346800,0.98638,0.98796,0.98627,0.9879,100.0
1707348600,0.98821,0.99237,0.98629,0.99223,100.0
1707350400,0.99321,1.0003,0.99292,1.00027,239.0
1707352200,0.99899,1.01294,0.99815,1.01197,2303.0
1707354000,1.01272,1.02407,1.00848,1.02226,506.0
1707355800,1.02354,1.02354,1.00994,1.01245,100.0
1707357600,1.01235,1.02311,1.01232,1.02294,100.0
1707359400,1.02239,1.02453,1.02038,1.02059,421.0
1707361200,1.01921,1.02577,1.01851,1.02146,114.0
1707363000,1.02189,1.02211,1.00156,1.00469,116.0
1707364800,1.00553,1.00555,0.99154,0.99221,100.0
1707366600,0.99185,1.00444,0.98995,1.00392,100.0
1707368400,1.00283,1.0031,0.99952,1.0006,518.0
1707370200,1.00289,1.00303,1.00126,1.00162,100.0
1707372000,1.00129,1.00146,0.99494,0.99561,223.0
1707373800,0.99685,0.9984,0.99581,0.99818,100.0
1707375600,0.99994,1.00708,0.99982,1.00702,100.0
1707377400,1.00819,1.00859,0.9941,1.00102,100.0
1707379200,0.99962,1.00302,0.99699,1.00063,113.0
1707381000,1.00085,1.02072,1.00028,1.02062,382.0
1707382800,1.01947,1.03208,1.01914,1.03191,100.0
1707384600,1.03088,1.04015,1.03017,1.0395,431.0
1707386400,1.04132,1.04459,1.04123,1.04456,2233.0
1707388200,1.04601,1.04617,1.04355,1.04487,217.0
1707390000,1.04592,1.04723,1.04451,1.04643,495.0
1707391800,1.0463,1.05213,1.04463,1.052,100.0
1707393600,1.05383,1.06114,1.05363,1.06084,101.0
1707395400,1.0599,1.06164,1.0571,1.05735,100.0
1707397200,1.05772,1.05892,1.05121,1.05153,1231.0
1707399000,1.05181,1.05386,1.05171,1.05319,185.0
1707400800,1.05452,1.07355,1.0539,1.07348,100.0
1707402600,1.07338,1.08016,1.07278,1.07845,100.0
1707404400,1.07853,1.07854,1.06768,1.06769,100.0
1707406200,1.06814,1.06964,1.06768,1.06837,100.0
1707408000,1.06745,1.08702,1.06684,1.08499,1200.0
1707409800,1.08561,1.10802,1.0851,1.10614,214.0
1707411600,1.10563,1.10585,1.1007,1.10081,100.0
1707413400,1.10132,1.12632,1.10092,1.12625,120.0
1707415200,1.12742,1.13241,1.12647,1.12685,100.0
1707417000,1.12712,1.13416,1.12704,1.13083,176.0
1707418800,1.13063,1.15422,1.12896,1.15415,117.0
1707420600,1.15441,1.17567,1.15434,1.17534,150.0
1707422400,1.17369,1.19362,1.17094,1.19007,209.0
1707424200,1.19068,1.2133,1.19011,1.206,517.0
1707426000,1.20737,1.21015,1.1912,1.20026,100.0
1707427800,1.19965,1.20093,1.19329,1.19518,100.0
1707429600,1.1932,1.21247,1.19245,1.21119,165.0
1707431400,1.2117,1.21435,1.20829,1.21264,850.0
1707433200,1.21467,1.21613,1.21115,1.21202,100.0
1707435000,1.21086,1.21281,1.21035,1.21266,502.0
1707436800,1.21133,1.21373,1.19875,1.20036,110.0
1707438600,1.20114,1.20342,1.17269,1.17444,100.0
1707440400,1.17202,1.18295,1.17037,1.1829,453.0
1707442200,1.18367,1.199,1.18307,1.19867,474.0
1707444000,1.19648,1.20405,1.19438,1.20346,391.0
1707445800,1.20308,1.20328,1.17868,1.17904,274.0
1707447600,1.18028,1.18031,1.17556,1.17578,464.0
1707449400,1.17732,1.19779,1.17598,1.19742,100.0
1707451200,1.19952,1.19963,1.18357,1.18362,108.0
1707453000,1.18513,1.1868,1.17153,1.17153,186.0
1707454800,1.17199,1.18256,1.17192,1.18069,100.0
1707456600,1.18225,1.18328,1.18116,1.18319,107.0
1707458400,1.18148,1.18321,1.16413,1.16449,100.0
1707460200,1.1656,1.1699,1.16495,1.16942,100.0
1707462000,1.16995,1.17125,1.16681,1.17015,474.0
1707463800,1.17264,1.17264,1.17029,1.17031,100.0
1707465600,1.17034,1.17093,1.15958,1.16038,100.0
1707467400,1.16001,1.1727,1.15989,1.1723,120.0
1707469200,1.17432,1.1885,1.17315,1.18791,1630.0
1707471000,1.1884,1.19054,1.15764,1.15841,165.0
1707472800,1.16039,1.16515,1.13958,1.13974,172.0
1707474600,1.14089,1.14283,1.13873,1.14224,529.0
1707476400,1.14233,1.14313,1.1229,1.12312,410.0
1707478200,1.12411,1.13542,1.12392,1.13507,100.0
1707480000,1.13604,1.1362,1.1248,1.12488,100.0
1707481800,1.12366,1.12774,1.1222,1.12617,341.0
1707483600,1.12459,1.12624,1.1131,1.1139,140.0
1707485400,1.11493,1.11549,1.11272,1.11328,100.0
1707487200,1.11288,1.12233,1.11244,1.12136,100.0
1707489000,1.12258,1.13565,1.12194,1.13526,100.0
1707490800,1.13538,1.13788,1.13404,1.13754,100.0
1707492600,1.13726,1.13726,1.13228,1.13228,345.0
1707494400,1.13136,1.13196,1.10576,1.10597,268.0
1707496200,1.10614,1.10679,1.10226,1.10268,100.0
1707498000,1.10335,1.10336,1.09999,1.10323,288.0
1707499800,1.10334,1.1046,1.09388,1.09428,329.0
1707501600,1.09498,1.09539,1.08456,1.08688,100.0
1707503400,1.08636,1.10841,1.08622,1.10826,399.0
1707505200,1.10834,1.12139,1.10801,1.12045,159.0
1707507000,1.12069,1.12072,1.11444,1.11491,100.0
1707508800,1.1141,1.11422,1.10868,1.10888,100.0
1707510600,1.10868,1.10871,1.08311,1.08317,192.0
1707512400,1.08351,1.08354,1.07575,1.07581,186.0
1707514200,1.07552,1.07552,1.07069,1.07075,100.0
1707516000,1.07101,1.07478,1.06843,1.07063,609.0
1707517800,1.07105,1.07702,1.06929,1.0764,258.0
1707519600,1.07576,1.07582,1.05153,1.05454,100.0
1707521400,1.05347,1.05703,1.03928,1.04053,100.0
1707523200,1.04031,1.04987,1.03894,1.04868,765.0
1707525000,1.05079,1.05246,1.05066,1.05204,459.0
1707526800,1.05097,1.05158,1.04858,1.04874,100.0
1707528600,1.04803,1.04936,1.03626,1.04255,548.0
1707530400,1.04026,1.0614,1.03234,1.06098,436.0
1707532200,1.06045,1.06816,1.06034,1.0681,109.0
1707534000,1.06966,1.08099,1.069,1.08043,280.0
1707535800,1.07976,1.0869,1.07954,1.08671,190.0
1707537600,1.08616,1.08622,1.07041,1.07043,217.0
1707539400,1.06996,1.07196,1.06413,1.06422,100.0
1707541200,1.06362,1.06596,1.06289,1.06431,324.0
1707543000,1.0639,1.08322,1.06132,1.08127,100.0
1707544800,1.08128,1.0894,1.07857,1.08368,237.0
1707546600,1.08465,1.08786,1.07549,1.07803,100.0
1707548400,1.07698,1.08504,1.07567,1.08446,100.0
1707550200,1.08564,1.08568,1.07861,1.07882,100.0
1707552000,1.08024,1.08025,1.07554,1.07556,100.0
1707553800,1.07265,1.07549,1.07194,1.07523,304.0
1707555600,1.07541,1.07601,1.06569,1.06583,144.0
1707557400,1.06586,1.06658,1.06208,1.063,402.0
1707559200,1.06378,1.06709,1.06356,1.067,424.0
1707561000,1.06619,1.06717,1.04796,1.04832,183.0
1707562800,1.04774,1.04839,1.03762,1.04712,768.0
1707564600,1.04624,1.05993,1.04596,1.05966,180.0
1707566400,1.05905,1.05994,1.03829,1.04046,100.0
1707568200,1.04214,1.0427,1.02278,1.02352,121.0
1707570000,1.02506,1.02722,1.01571,1.01625,328.0
1707571800,1.01737,1.01798,1.01015,1.01045,606.0
1707573600,1.01,1.01048,0.99951,1.00141,229.0
1707575400,1.00057,1.00103,0.99461,0.99463,100.0
1707577200,0.995,0.99518,0.97671,0.98412,328.0
1707579000,0.98319,0.98473,0.96564,0.96601,100.0
1707580800,0.96568,0.96606,0.96285,0.96409,100.0
1707582600,0.96427,0.96438,0.96347,0.96379,601.0
1707584400,0.96411,0.96654,0.95577,0.9585,507.0
1707586200,0.95805,0.96326,0.94935,0.95207,3541.0
1707588000,0.95233,0.95897,0.95197,0.95821,100.0
1707589800,0.95893,0.95961,0.94917,0.95225,562.0
1707591600,0.9535,0.95396,0.93868,0.93927,100.0
1707593400,0.94097,0.94109,0.93633,0.93683,100.0
1707595200,0.9374,0.94152,0.93738,0.94106,488.0
1707597000,0.94174,0.94492,0.93615,0.93689,152.0
1707598800,0.93811,0.94101,0.93735,0.94076,100.0
1707600600,0.94008,0.94147,0.93427,0.93581,138.0
1707602400,0.9381,0.93894,0.92494,0.92567,1999.0
1707604200,0.92629,0.92755,0.91059,0.91196,662.0
1707606000,0.91191,0.9121,0.8991,0.89912,260.0
1707607800,0.89908,0.90087,0.89844,0.90035,100.0
1707609600,0.89931,0.90041,0.8836,0.88413,131.0
1707611400,0.88357,0.8941,0.88197,0.89406,131.0
1707613200,0.89291,0.89303,0.87445,0.87529,110.0
1707615000,0.87452,0.87568,0.86753,0.8677,440.0
1707616800,0.86689,0.86905,0.86542,0.86668,127.0
1707618600,0.86536,0.86948,0.86496,0.86688,192.0
1707620400,0.86774,0.86852,0.86093,0.86146,100.0
1707622200,0.86254,0.86332,0.86183,0.86272,185.0
1707624000,0.86154,0.86322,0.85021,0.85421,100.0
1707625800,0.85525,0.85892,0.85508,0.85817,233.0
1707627600,0.85859,0.86319,0.85778,0.86313,100.0
1707629400,0.86285,0.86316,0.86282,0.86305,100.0
1707631200,0.86228,0.86258,0.85438,0.85446,100.0
1707633000,0.85351,0.86118,0.85301,0.86001,104.0
1707634800,0.85867,0.8595,0.84395,0.84508,100.0
1707636600,0.84411,0.85021,0.83796,0.84109,224.0
